run,model_size,context_length,dtype,kind,name,calls,cpu_total_us,cpu_self_us,cuda_total_us,cuda_self_us
medium_train_step_s1024,medium,1024,fp32,operator,profile/measure,1,280678.02,1939.888,78403.865,0.0
medium_train_step_s1024,medium,1024,fp32,operator,Optimizer.step#AdamW.step,1,0.0,0.0,75510.718,75510.718
medium_train_step_s1024,medium,1024,fp32,operator,aten::bmm,651,21711.191,14754.512,71650.31,71650.31
medium_train_step_s1024,medium,1024,fp32,operator,forward,1,0.0,0.0,67351.85,67351.85
medium_train_step_s1024,medium,1024,fp32,operator,forward,1,67058.27,14390.36,47894.718,0.0
medium_train_step_s1024,medium,1024,fp32,operator,autograd::engine::evaluate_function: BmmBackward0,217,19431.434,2141.947,44553.969,0.0
medium_train_step_s1024,medium,1024,fp32,operator,BmmBackward0,217,17289.487,1834.78,44553.969,0.0
medium_train_step_s1024,medium,1024,fp32,operator,aten::mul,2381,36645.88,22874.143,32382.554,32382.554
medium_train_step_s1024,medium,1024,fp32,operator,optimizer,1,75146.933,330.528,30443.29,0.0
medium_train_step_s1024,medium,1024,fp32,operator,Optimizer.step#AdamW.step,1,74816.405,20638.879,30443.29,0.0
medium_train_step_s1024,medium,1024,fp32,operator,aten::einsum,217,23537.189,4894.194,27096.341,0.0
medium_train_step_s1024,medium,1024,fp32,operator,autograd::engine::evaluate_function: DivBackward0,48,3698.446,489.913,24615.316,0.0
medium_train_step_s1024,medium,1024,fp32,operator,ampere_sgemm_128x64_tn,169,0.0,0.0,22969.995,22969.995
medium_train_step_s1024,medium,1024,fp32,operator,DivBackward0,48,2725.293,345.897,22228.668,0.0
medium_train_step_s1024,medium,1024,fp32,operator,aten::div,412,6980.055,4412.125,21667.549,21667.549
medium_train_step_s1024,medium,1024,fp32,operator,"void at::native::vectorized_elementwise_kernel<4, at::native::BinaryFunctor<float, float, float, at::native::binary_internal::MulFunctor<float> >, std::array<char*, 3ul> >(int, at::native::BinaryFunctor<float, float, float, at::native::binary_internal::MulFunctor<float> >, std::array<char*, 3ul>)",388,0.0,0.0,15307.139,15307.139
medium_train_step_s1024,medium,1024,fp32,operator,"void at::native::vectorized_elementwise_kernel<4, at::native::AUnaryFunctor<float, float, float, at::native::binary_internal::MulFunctor<float> >, std::array<char*, 2ul> >(int, at::native::AUnaryFunctor<float, float, float, at::native::binary_internal::MulFunctor<float> >, std::array<char*, 2ul>)",1412,0.0,0.0,14653.754,14653.754
medium_train_step_s1024,medium,1024,fp32,operator,"void at::native::vectorized_elementwise_kernel<4, at::native::CUDAFunctor_add<float>, std::array<char*, 3ul> >(int, at::native::CUDAFunctor_add<float>, std::array<char*, 3ul>)",1333,0.0,0.0,14253.947,14253.947
medium_train_step_s1024,medium,1024,fp32,operator,void cutlass::Kernel2<cutlass_80_simt_sgemm_256x128_8x4_nn_align1>(cutlass_80_simt_sgemm_256x128_8x4_nn_align1::Params),73,0.0,0.0,14157.389,14157.389
medium_train_step_s1024,medium,1024,fp32,operator,"void at::native::elementwise_kernel<128, 2, at::native::gpu_kernel_impl_nocast<at::native::BinaryFunctor<float, float, float, at::native::binary_internal::DivFunctor<float> > >(at::TensorIteratorBase&, at::native::BinaryFunctor<float, float, float, at::native::binary_internal::DivFunctor<float> > const&)::{lambda(int)#1}>(int, at::native::gpu_kernel_impl_nocast<at::native::BinaryFunctor<float, float, float, at::native::binary_internal::DivFunctor<float> > >(at::TensorIteratorBase&, at::native::BinaryFunctor<float, float, float, at::native::binary_internal::DivFunctor<float> > const&)::{lambda(int)#1})",96,0.0,0.0,13038.022,13038.022
medium_train_step_s1024,medium,1024,fp32,operator,void cutlass::Kernel2<cutlass_80_simt_sgemm_128x256_8x4_nt_align1>(cutlass_80_simt_sgemm_128x256_8x4_nt_align1::Params),73,0.0,0.0,11391.185,11391.185
medium_train_step_s1024,medium,1024,fp32,operator,attention/softmax,24,0.0,0.0,10848.938,10848.938
medium_train_step_s1024,medium,1024,fp32,operator,attention/softmax,24,4224.973,1604.597,10788.518,0.0
medium_train_step_s1024,medium,1024,fp32,operator,aten::where,96,4052.462,1025.444,10651.981,5294.455
medium_train_step_s1024,medium,1024,fp32,operator,aten::add_,289,3506.371,1911.531,8441.949,8441.949
medium_train_step_s1024,medium,1024,fp32,operator,attention/scores,24,0.0,0.0,7670.542,7670.542
medium_train_step_s1024,medium,1024,fp32,operator,attention/scores,24,6839.995,2175.817,7615.658,0.0
medium_train_step_s1024,medium,1024,fp32,operator,aten::neg,96,1491.303,913.7,6819.086,6819.086
medium_train_step_s1024,medium,1024,fp32,operator,"void at::native::vectorized_elementwise_kernel<4, at::native::BUnaryFunctor<float, float, float, at::native::binary_internal::MulFunctor<float> >, std::array<char*, 2ul> >(int, at::native::BUnaryFunctor<float, float, float, at::native::binary_internal::MulFunctor<float> >, std::array<char*, 2ul>)",48,0.0,0.0,6749.087,6749.087
medium_train_step_s1024,medium,1024,fp32,operator,"void at::native::vectorized_elementwise_kernel<4, at::native::neg_kernel_cuda(at::TensorIteratorBase&)::{lambda()#2}::operator()() const::{lambda()#7}::operator()() const::{lambda(float)#1}, std::array<char*, 2ul> >(int, at::native::neg_kernel_cuda(at::TensorIteratorBase&)::{lambda()#2}::operator()() const::{lambda()#7}::operator()() const::{lambda(float)#1}, std::array<char*, 2ul>)",48,0.0,0.0,6636.936,6636.936
medium_train_step_s1024,medium,1024,fp32,kernel,ampere_sgemm_128x64_tn,169,,,22969.995,
medium_train_step_s1024,medium,1024,fp32,kernel,"void at::native::vectorized_elementwise_kernel<4, at::native::BinaryFunctor<float, float, float, at::native::binary_internal::MulFunctor<float> >, std::array<char*, 3ul> >(int, at::native::BinaryFunctor<float, float, float, at::native::binary_internal::MulFunctor<float> >, std::array<char*, 3ul>)",388,,,15307.139,
medium_train_step_s1024,medium,1024,fp32,kernel,"void at::native::vectorized_elementwise_kernel<4, at::native::AUnaryFunctor<float, float, float, at::native::binary_internal::MulFunctor<float> >, std::array<char*, 2ul> >(int, at::native::AUnaryFunctor<float, float, float, at::native::binary_internal::MulFunctor<float> >, std::array<char*, 2ul>)",1412,,,14653.754,
medium_train_step_s1024,medium,1024,fp32,kernel,"void at::native::vectorized_elementwise_kernel<4, at::native::CUDAFunctor_add<float>, std::array<char*, 3ul> >(int, at::native::CUDAFunctor_add<float>, std::array<char*, 3ul>)",1333,,,14253.947,
medium_train_step_s1024,medium,1024,fp32,kernel,void cutlass::Kernel2<cutlass_80_simt_sgemm_256x128_8x4_nn_align1>(cutlass_80_simt_sgemm_256x128_8x4_nn_align1::Params),73,,,14157.389,
medium_train_step_s1024,medium,1024,fp32,kernel,"void at::native::elementwise_kernel<128, 2, at::native::gpu_kernel_impl_nocast<at::native::BinaryFunctor<float, float, float, at::native::binary_internal::DivFunctor<float> > >(at::TensorIteratorBase&, at::native::BinaryFunctor<float, float, float, at::native::binary_internal::DivFunctor<float> > const&)::{lambda(int)#1}>(int, at::native::gpu_kernel_impl_nocast<at::native::BinaryFunctor<float, float, float, at::native::binary_internal::DivFunctor<float> > >(at::TensorIteratorBase&, at::native::BinaryFunctor<float, float, float, at::native::binary_internal::DivFunctor<float> > const&)::{lambda(int)#1})",96,,,13038.022,
medium_train_step_s1024,medium,1024,fp32,kernel,void cutlass::Kernel2<cutlass_80_simt_sgemm_128x256_8x4_nt_align1>(cutlass_80_simt_sgemm_128x256_8x4_nt_align1::Params),73,,,11391.185,
medium_train_step_s1024,medium,1024,fp32,kernel,"void at::native::vectorized_elementwise_kernel<4, at::native::BUnaryFunctor<float, float, float, at::native::binary_internal::MulFunctor<float> >, std::array<char*, 2ul> >(int, at::native::BUnaryFunctor<float, float, float, at::native::binary_internal::MulFunctor<float> >, std::array<char*, 2ul>)",48,,,6749.087,
medium_train_step_s1024,medium,1024,fp32,kernel,"void at::native::vectorized_elementwise_kernel<4, at::native::neg_kernel_cuda(at::TensorIteratorBase&)::{lambda()#2}::operator()() const::{lambda()#7}::operator()() const::{lambda(float)#1}, std::array<char*, 2ul> >(int, at::native::neg_kernel_cuda(at::TensorIteratorBase&)::{lambda()#2}::operator()() const::{lambda()#7}::operator()() const::{lambda(float)#1}, std::array<char*, 2ul>)",48,,,6636.936,
medium_train_step_s1024,medium,1024,fp32,kernel,"void at::native::elementwise_kernel<128, 2, at::native::gpu_kernel_impl_nocast<at::native::direct_copy_kernel_cuda(at::TensorIteratorBase&)::{lambda()#3}::operator()() const::{lambda()#7}::operator()() const::{lambda(float)#1}>(at::TensorIteratorBase&, at::native::direct_copy_kernel_cuda(at::TensorIteratorBase&)::{lambda()#3}::operator()() const::{lambda()#7}::operator()() const::{lambda(float)#1} const&)::{lambda(int)#1}>(int, at::native::gpu_kernel_impl_nocast<at::native::direct_copy_kernel_cuda(at::TensorIteratorBase&)::{lambda()#3}::operator()() const::{lambda()#7}::operator()() const::{lambda(float)#1}>(at::TensorIteratorBase&, at::native::direct_copy_kernel_cuda(at::TensorIteratorBase&)::{lambda()#3}::operator()() const::{lambda()#7}::operator()() const::{lambda(float)#1} const&)::{lambda(int)#1})",313,,,6387.075,
medium_train_step_s1024,medium,1024,fp32,kernel,void cutlass::Kernel2<cutlass_80_simt_sgemm_64x64_8x5_nt_align1>(cutlass_80_simt_sgemm_64x64_8x5_nt_align1::Params),96,,,5424.5,
medium_train_step_s1024,medium,1024,fp32,kernel,"void at::native::elementwise_kernel<128, 2, at::native::gpu_kernel_impl_nocast<at::native::(anonymous namespace)::where_kernel_impl(at::TensorIterator&)::{lambda()#1}::operator()() const::{lambda()#11}::operator()() const::{lambda(bool, float, float)#1}>(at::TensorIteratorBase&, at::native::(anonymous namespace)::where_kernel_impl(at::TensorIterator&)::{lambda()#1}::operator()() const::{lambda()#11}::operator()() const::{lambda(bool, float, float)#1} const&)::{lambda(int)#1}>(int, at::native::gpu_kernel_impl_nocast<at::native::(anonymous namespace)::where_kernel_impl(at::TensorIterator&)::{lambda()#1}::operator()() const::{lambda()#11}::operator()() const::{lambda(bool, float, float)#1}>(at::TensorIteratorBase&, at::native::(anonymous namespace)::where_kernel_impl(at::TensorIterator&)::{lambda()#1}::operator()() const::{lambda()#11}::operator()() const::{lambda(bool, float, float)#1} const&)::{lambda(int)#1})",48,,,5294.455,
medium_train_step_s1024,medium,1024,fp32,kernel,"void at::native::elementwise_kernel<128, 2, at::native::gpu_kernel_impl_nocast<at::native::CUDAFunctor_add<float> >(at::TensorIteratorBase&, at::native::CUDAFunctor_add<float> const&)::{lambda(int)#1}>(int, at::native::gpu_kernel_impl_nocast<at::native::CUDAFunctor_add<float> >(at::TensorIteratorBase&, at::native::CUDAFunctor_add<float> const&)::{lambda(int)#1})",48,,,5157.044,
medium_train_step_s1024,medium,1024,fp32,kernel,ampere_sgemm_128x128_nt,48,,,5001.298,
medium_train_step_s1024,medium,1024,fp32,kernel,void cutlass::Kernel2<cutlass_80_simt_sgemm_128x64_8x5_nn_align1>(cutlass_80_simt_sgemm_128x64_8x5_nn_align1::Params),96,,,4718.575,
medium_train_step_s1024,medium,1024,fp32,kernel,"void at::native::reduce_kernel<512, 1, at::native::ReduceOp<float, at::native::func_wrapper_t<float, at::native::sum_functor<float, float, float>::operator()(at::TensorIterator&)::{lambda(float, float)#1}>, unsigned int, float, 4, 4> >(at::native::ReduceOp<float, at::native::func_wrapper_t<float, at::native::sum_functor<float, float, float>::operator()(at::TensorIterator&)::{lambda(float, float)#1}>, unsigned int, float, 4, 4>)",121,,,4652.557,
medium_train_step_s1024,medium,1024,fp32,kernel,ampere_sgemm_128x128_nn,48,,,4568.206,
medium_train_step_s1024,medium,1024,fp32,kernel,"void at::native::vectorized_elementwise_kernel<4, at::native::exp_kernel_cuda(at::TensorIteratorBase&)::{lambda()#2}::operator()() const::{lambda()#2}::operator()() const::{lambda(float)#1}, std::array<char*, 2ul> >(int, at::native::exp_kernel_cuda(at::TensorIteratorBase&)::{lambda()#2}::operator()() const::{lambda()#2}::operator()() const::{lambda(float)#1}, std::array<char*, 2ul>)",24,,,3347.266,
medium_train_step_s1024,medium,1024,fp32,kernel,ampere_sgemm_128x128_tn,48,,,3255.296,
medium_train_step_s1024,medium,1024,fp32,kernel,"void at::native::vectorized_elementwise_kernel<4, at::native::FillFunctor<float>, std::array<char*, 1ul> >(int, at::native::FillFunctor<float>, std::array<char*, 1ul>)",514,,,2991.034,
medium_train_step_s1024,medium,1024,fp32,kernel,"void at::native::vectorized_elementwise_kernel<4, at::native::(anonymous namespace)::pow_tensor_scalar_kernel_impl<float, float>(at::TensorIteratorBase&, float)::{lambda(float)#1}, std::array<char*, 2ul> >(int, at::native::(anonymous namespace)::pow_tensor_scalar_kernel_impl<float, float>(at::TensorIteratorBase&, float)::{lambda(float)#1}, std::array<char*, 2ul>)",268,,,2771.751,
medium_train_step_s1024,medium,1024,fp32,kernel,"void at::native::elementwise_kernel<128, 2, at::native::gpu_kernel_impl_nocast<at::native::BinaryFunctor<float, float, float, at::native::binary_internal::MulFunctor<float> > >(at::TensorIteratorBase&, at::native::BinaryFunctor<float, float, float, at::native::binary_internal::MulFunctor<float> > const&)::{lambda(int)#1}>(int, at::native::gpu_kernel_impl_nocast<at::native::BinaryFunctor<float, float, float, at::native::binary_internal::MulFunctor<float> > >(at::TensorIteratorBase&, at::native::BinaryFunctor<float, float, float, at::native::binary_internal::MulFunctor<float> > const&)::{lambda(int)#1})",580,,,2420.541,
medium_train_step_s1024,medium,1024,fp32,kernel,"void at::native::vectorized_elementwise_kernel<4, at::native::BinaryFunctor<float, float, float, at::native::binary_internal::DivFunctor<float> >, std::array<char*, 3ul> >(int, at::native::BinaryFunctor<float, float, float, at::native::binary_internal::DivFunctor<float> >, std::array<char*, 3ul>)",219,,,1715.257,
medium_train_step_s1024,medium,1024,fp32,kernel,"void at::native::vectorized_elementwise_kernel<4, at::native::sqrt_kernel_cuda(at::TensorIteratorBase&)::{lambda()#2}::operator()() const::{lambda()#2}::operator()() const::{lambda(float)#1}, std::array<char*, 2ul> >(int, at::native::sqrt_kernel_cuda(at::TensorIteratorBase&)::{lambda()#2}::operator()() const::{lambda()#2}::operator()() const::{lambda(float)#1}, std::array<char*, 2ul>)",219,,,1243.602,
medium_train_step_s1024,medium,1024,fp32,kernel,"void at::native::vectorized_elementwise_kernel<4, at::native::CUDAFunctorOnSelf_add<float>, std::array<char*, 2ul> >(int, at::native::CUDAFunctorOnSelf_add<float>, std::array<char*, 2ul>)",268,,,1194.831,
medium_train_step_s1024,medium,1024,fp32,kernel,"void at::native::reduce_kernel<512, 1, at::native::ReduceOp<float, at::native::MaxOps<float>, unsigned int, float, 4, 4> >(at::native::ReduceOp<float, at::native::MaxOps<float>, unsigned int, float, 4, 4>)",24,,,1051.495,
medium_train_step_s1024,medium,1024,fp32,kernel,"void at::native::(anonymous namespace)::CatArrayBatchedCopy<at::native::(anonymous namespace)::OpaqueType<4u>, unsigned int, 4, 64, 64>(at::native::(anonymous namespace)::OpaqueType<4u>*, at::native::(anonymous namespace)::CatArrInputTensorMetadata<at::native::(anonymous namespace)::OpaqueType<4u>, unsigned int, 64, 64>, at::native::(anonymous namespace)::TensorSizeStride<unsigned int, 4u>, int, unsigned int)",72,,,446.239,
medium_train_step_s1024,medium,1024,fp32,kernel,"void at::native::vectorized_elementwise_kernel<4, at::native::sigmoid_backward_kernel_cuda(at::TensorIteratorBase&)::{lambda()#2}::operator()() const::{lambda()#2}::operator()() const::{lambda(float, float)#1}, std::array<char*, 3ul> >(int, at::native::sigmoid_backward_kernel_cuda(at::TensorIteratorBase&)::{lambda()#2}::operator()() const::{lambda()#2}::operator()() const::{lambda(float, float)#1}, std::array<char*, 3ul>)",24,,,424.962,
medium_train_step_s1024,medium,1024,fp32,kernel,"void at::native::vectorized_elementwise_kernel<4, at::native::sigmoid_kernel_cuda(at::TensorIteratorBase&)::{lambda()#2}::operator()() const::{lambda()#2}::operator()() const::{lambda(float)#1}, std::array<char*, 2ul> >(int, at::native::sigmoid_kernel_cuda(at::TensorIteratorBase&)::{lambda()#2}::operator()() const::{lambda()#2}::operator()() const::{lambda(float)#1}, std::array<char*, 2ul>)",24,,,333.029,
medium_train_step_s1024,medium,1024,fp32,kernel,"void at::native::reduce_kernel<128, 4, at::native::ReduceOp<float, at::native::func_wrapper_t<float, at::native::sum_functor<float, float, float>::operator()(at::TensorIterator&)::{lambda(float, float)#1}>, unsigned int, float, 4, 4> >(at::native::ReduceOp<float, at::native::func_wrapper_t<float, at::native::sum_functor<float, float, float>::operator()(at::TensorIterator&)::{lambda(float, float)#1}>, unsigned int, float, 4, 4>)",49,,,281.412,
medium_train_step_s1024,medium,1024,fp32,range,profile/measure,1,280678.02,,,
medium_train_step_s1024,medium,1024,fp32,range,backward,2,135554.595,,,
medium_train_step_s1024,medium,1024,fp32,range,forward,2,134410.122,,,
medium_train_step_s1024,medium,1024,fp32,range,optimizer,1,75146.933,,,
medium_train_step_s1024,medium,1024,fp32,range,attention/softmax,48,15073.959,,,
medium_train_step_s1024,medium,1024,fp32,range,attention/scores,48,14510.585,,,
medium_train_step_s1024,medium,1024,fp32,range,attention/value,48,6515.966,,,
medium_train_step_s1024,medium,1024,fp32,range,profile/warmup,1,807.423,,,
medium_train_step_s1024,medium,1024,fp32,range,optimizer/zero_grad,1,770.515,,,
medium_train_step_s256,medium,256,fp32,operator,Optimizer.step#AdamW.step,1,0.0,0.0,69156.679,69156.679
medium_train_step_s256,medium,256,fp32,operator,forward,1,0.0,0.0,66804.654,66804.654
medium_train_step_s256,medium,256,fp32,operator,profile/measure,1,267701.841,1913.339,39761.858,0.0
medium_train_step_s256,medium,256,fp32,operator,optimizer,1,68612.365,196.361,29935.144,0.0
medium_train_step_s256,medium,256,fp32,operator,Optimizer.step#AdamW.step,1,68416.004,19216.789,29935.144,0.0
medium_train_step_s256,medium,256,fp32,operator,aten::bmm,651,19911.38,14072.386,21565.466,21565.466
medium_train_step_s256,medium,256,fp32,operator,aten::mul,2381,34019.678,21627.223,17289.127,17289.127
medium_train_step_s256,medium,256,fp32,operator,"void at::native::vectorized_elementwise_kernel<4, at::native::AUnaryFunctor<float, float, float, at::native::binary_internal::MulFunctor<float> >, std::array<char*, 2ul> >(int, at::native::AUnaryFunctor<float, float, float, at::native::binary_internal::MulFunctor<float> >, std::array<char*, 2ul>)",1412,0.0,0.0,14464.282,14464.282
medium_train_step_s256,medium,256,fp32,operator,autograd::engine::evaluate_function: BmmBackward0,217,17542.208,2010.418,14023.357,0.0
medium_train_step_s256,medium,256,fp32,operator,BmmBackward0,217,15531.79,1755.995,14023.357,0.0
medium_train_step_s256,medium,256,fp32,operator,forward,1,67226.956,15221.367,9812.123,0.0
medium_train_step_s256,medium,256,fp32,operator,"void at::native::vectorized_elementwise_kernel<4, at::native::CUDAFunctor_add<float>, std::array<char*, 3ul> >(int, at::native::CUDAFunctor_add<float>, std::array<char*, 3ul>)",1333,0.0,0.0,8315.61,8315.61
medium_train_step_s256,medium,256,fp32,operator,aten::einsum,217,23431.993,5030.654,7542.109,0.0
medium_train_step_s256,medium,256,fp32,operator,aten::copy_,363,6336.006,3206.611,6215.457,6215.457
medium_train_step_s256,medium,256,fp32,operator,ampere_sgemm_128x64_tn,169,0.0,0.0,6140.281,6140.281
medium_train_step_s256,medium,256,fp32,operator,"void at::native::elementwise_kernel<128, 2, at::native::gpu_kernel_impl_nocast<at::native::direct_copy_kernel_cuda(at::TensorIteratorBase&)::{lambda()#3}::operator()() const::{lambda()#7}::operator()() const::{lambda(float)#1}>(at::TensorIteratorBase&, at::native::direct_copy_kernel_cuda(at::TensorIteratorBase&)::{lambda()#3}::operator()() const::{lambda()#7}::operator()() const::{lambda(float)#1} const&)::{lambda(int)#1}>(int, at::native::gpu_kernel_impl_nocast<at::native::direct_copy_kernel_cuda(at::TensorIteratorBase&)::{lambda()#3}::operator()() const::{lambda()#7}::operator()() const::{lambda(float)#1}>(at::TensorIteratorBase&, at::native::direct_copy_kernel_cuda(at::TensorIteratorBase&)::{lambda()#3}::operator()() const::{lambda()#7}::operator()() const::{lambda(float)#1} const&)::{lambda(int)#1})",313,0.0,0.0,6070.492,6070.492
medium_train_step_s256,medium,256,fp32,operator,autograd::engine::evaluate_function: torch::autograd::AccumulateGrad,219,7110.637,885.119,5767.069,0.0
medium_train_step_s256,medium,256,fp32,operator,torch::autograd::AccumulateGrad,219,6225.518,1303.524,5767.069,0.0
medium_train_step_s256,medium,256,fp32,operator,ampere_sgemm_32x32_sliced1x4_nn,144,0.0,0.0,5756.354,5756.354
medium_train_step_s256,medium,256,fp32,operator,aten::add,850,11415.302,7283.371,4728.377,4728.377
medium_train_step_s256,medium,256,fp32,operator,aten::sub_,438,4309.018,2303.783,4157.68,4157.68
medium_train_step_s256,medium,256,fp32,operator,void cutlass::Kernel2<cutlass_80_simt_sgemm_128x256_8x4_nt_align1>(cutlass_80_simt_sgemm_128x256_8x4_nt_align1::Params),73,0.0,0.0,3196.833,3196.833
medium_train_step_s256,medium,256,fp32,operator,attention/scores,24,0.0,0.0,2924.35,2924.35
medium_train_step_s256,medium,256,fp32,operator,aten::pow,366,8175.315,4715.018,2601.027,2524.287
medium_train_step_s256,medium,256,fp32,operator,"void at::native::vectorized_elementwise_kernel<4, at::native::(anonymous namespace)::pow_tensor_scalar_kernel_impl<float, float>(at::TensorIteratorBase&, float)::{lambda(float)#1}, std::array<char*, 2ul> >(int, at::native::(anonymous namespace)::pow_tensor_scalar_kernel_impl<float, float>(at::TensorIteratorBase&, float)::{lambda(float)#1}, std::array<char*, 2ul>)",268,0.0,0.0,2503.102,2503.102
medium_train_step_s256,medium,256,fp32,operator,autograd::engine::evaluate_function: MulBackward0,338,15611.481,3579.587,2465.03,0.0
medium_train_step_s256,medium,256,fp32,operator,attention/softmax,24,0.0,0.0,2413.562,2413.562
medium_train_step_s256,medium,256,fp32,operator,aten::square,219,4644.334,333.949,2408.73,0.0
medium_train_step_s256,medium,256,fp32,operator,aten::div,412,6425.013,4173.234,2380.052,2380.052
medium_train_step_s256,medium,256,fp32,operator,aten::fill_,514,4898.536,2206.994,1949.929,1949.929
medium_train_step_s256,medium,256,fp32,kernel,"void at::native::vectorized_elementwise_kernel<4, at::native::AUnaryFunctor<float, float, float, at::native::binary_internal::MulFunctor<float> >, std::array<char*, 2ul> >(int, at::native::AUnaryFunctor<float, float, float, at::native::binary_internal::MulFunctor<float> >, std::array<char*, 2ul>)",1412,,,14464.282,
medium_train_step_s256,medium,256,fp32,kernel,"void at::native::vectorized_elementwise_kernel<4, at::native::CUDAFunctor_add<float>, std::array<char*, 3ul> >(int, at::native::CUDAFunctor_add<float>, std::array<char*, 3ul>)",1333,,,8315.61,
medium_train_step_s256,medium,256,fp32,kernel,ampere_sgemm_128x64_tn,169,,,6140.281,
medium_train_step_s256,medium,256,fp32,kernel,"void at::native::elementwise_kernel<128, 2, at::native::gpu_kernel_impl_nocast<at::native::direct_copy_kernel_cuda(at::TensorIteratorBase&)::{lambda()#3}::operator()() const::{lambda()#7}::operator()() const::{lambda(float)#1}>(at::TensorIteratorBase&, at::native::direct_copy_kernel_cuda(at::TensorIteratorBase&)::{lambda()#3}::operator()() const::{lambda()#7}::operator()() const::{lambda(float)#1} const&)::{lambda(int)#1}>(int, at::native::gpu_kernel_impl_nocast<at::native::direct_copy_kernel_cuda(at::TensorIteratorBase&)::{lambda()#3}::operator()() const::{lambda()#7}::operator()() const::{lambda(float)#1}>(at::TensorIteratorBase&, at::native::direct_copy_kernel_cuda(at::TensorIteratorBase&)::{lambda()#3}::operator()() const::{lambda()#7}::operator()() const::{lambda(float)#1} const&)::{lambda(int)#1})",313,,,6070.492,
medium_train_step_s256,medium,256,fp32,kernel,ampere_sgemm_32x32_sliced1x4_nn,144,,,5756.354,
medium_train_step_s256,medium,256,fp32,kernel,void cutlass::Kernel2<cutlass_80_simt_sgemm_128x256_8x4_nt_align1>(cutlass_80_simt_sgemm_128x256_8x4_nt_align1::Params),73,,,3196.833,
medium_train_step_s256,medium,256,fp32,kernel,"void at::native::vectorized_elementwise_kernel<4, at::native::(anonymous namespace)::pow_tensor_scalar_kernel_impl<float, float>(at::TensorIteratorBase&, float)::{lambda(float)#1}, std::array<char*, 2ul> >(int, at::native::(anonymous namespace)::pow_tensor_scalar_kernel_impl<float, float>(at::TensorIteratorBase&, float)::{lambda(float)#1}, std::array<char*, 2ul>)",268,,,2503.102,
medium_train_step_s256,medium,256,fp32,kernel,"void at::native::vectorized_elementwise_kernel<4, at::native::FillFunctor<float>, std::array<char*, 1ul> >(int, at::native::FillFunctor<float>, std::array<char*, 1ul>)",514,,,1949.929,
medium_train_step_s256,medium,256,fp32,kernel,"void at::native::vectorized_elementwise_kernel<4, at::native::BinaryFunctor<float, float, float, at::native::binary_internal::DivFunctor<float> >, std::array<char*, 3ul> >(int, at::native::BinaryFunctor<float, float, float, at::native::binary_internal::DivFunctor<float> >, std::array<char*, 3ul>)",219,,,1645.74,
medium_train_step_s256,medium,256,fp32,kernel,"void at::native::vectorized_elementwise_kernel<4, at::native::BinaryFunctor<float, float, float, at::native::binary_internal::MulFunctor<float> >, std::array<char*, 3ul> >(int, at::native::BinaryFunctor<float, float, float, at::native::binary_internal::MulFunctor<float> >, std::array<char*, 3ul>)",388,,,1618.153,
medium_train_step_s256,medium,256,fp32,kernel,ampere_sgemm_32x128_nt,96,,,1527.699,
medium_train_step_s256,medium,256,fp32,kernel,ampere_sgemm_128x64_nn,24,,,1378.762,
medium_train_step_s256,medium,256,fp32,kernel,"void at::native::vectorized_elementwise_kernel<4, at::native::sqrt_kernel_cuda(at::TensorIteratorBase&)::{lambda()#2}::operator()() const::{lambda()#2}::operator()() const::{lambda(float)#1}, std::array<char*, 2ul> >(int, at::native::sqrt_kernel_cuda(at::TensorIteratorBase&)::{lambda()#2}::operator()() const::{lambda()#2}::operator()() const::{lambda(float)#1}, std::array<char*, 2ul>)",219,,,1229.783,
medium_train_step_s256,medium,256,fp32,kernel,"void at::native::elementwise_kernel<128, 2, at::native::gpu_kernel_impl_nocast<at::native::BinaryFunctor<float, float, float, at::native::binary_internal::MulFunctor<float> > >(at::TensorIteratorBase&, at::native::BinaryFunctor<float, float, float, at::native::binary_internal::MulFunctor<float> > const&)::{lambda(int)#1}>(int, at::native::gpu_kernel_impl_nocast<at::native::BinaryFunctor<float, float, float, at::native::binary_internal::MulFunctor<float> > >(at::TensorIteratorBase&, at::native::BinaryFunctor<float, float, float, at::native::binary_internal::MulFunctor<float> > const&)::{lambda(int)#1})",580,,,1205.637,
medium_train_step_s256,medium,256,fp32,kernel,"void at::native::vectorized_elementwise_kernel<4, at::native::CUDAFunctorOnSelf_add<float>, std::array<char*, 2ul> >(int, at::native::CUDAFunctorOnSelf_add<float>, std::array<char*, 2ul>)",268,,,1179.92,
medium_train_step_s256,medium,256,fp32,kernel,ampere_sgemm_128x128_nn,48,,,1091.307,
medium_train_step_s256,medium,256,fp32,kernel,ampere_sgemm_128x128_nt,48,,,1085.676,
medium_train_step_s256,medium,256,fp32,kernel,"void cublasLt::splitKreduce_kernel<32, 16, int, float, float, float, false, float, float, float, true, false, false>(cublasLt::cublasSplitKParams<float>, float const*, float const*, float*, float*, float const*, float const*, float const*, float const*, float*, void*, long, float*, int*, float*, float const*, float const*, float const*, float const*)",192,,,791.585,
medium_train_step_s256,medium,256,fp32,kernel,"void at::native::elementwise_kernel<128, 2, at::native::gpu_kernel_impl_nocast<at::native::BinaryFunctor<float, float, float, at::native::binary_internal::DivFunctor<float> > >(at::TensorIteratorBase&, at::native::BinaryFunctor<float, float, float, at::native::binary_internal::DivFunctor<float> > const&)::{lambda(int)#1}>(int, at::native::gpu_kernel_impl_nocast<at::native::BinaryFunctor<float, float, float, at::native::binary_internal::DivFunctor<float> > >(at::TensorIteratorBase&, at::native::BinaryFunctor<float, float, float, at::native::binary_internal::DivFunctor<float> > const&)::{lambda(int)#1})",96,,,497.991,
medium_train_step_s256,medium,256,fp32,kernel,ampere_sgemm_128x128_tn,48,,,430.597,
medium_train_step_s256,medium,256,fp32,kernel,"void at::native::reduce_kernel<512, 1, at::native::ReduceOp<float, at::native::func_wrapper_t<float, at::native::sum_functor<float, float, float>::operator()(at::TensorIterator&)::{lambda(float, float)#1}>, unsigned int, float, 4, 4> >(at::native::ReduceOp<float, at::native::func_wrapper_t<float, at::native::sum_functor<float, float, float>::operator()(at::TensorIterator&)::{lambda(float, float)#1}>, unsigned int, float, 4, 4>)",121,,,385.085,
medium_train_step_s256,medium,256,fp32,kernel,"void at::native::reduce_kernel<128, 4, at::native::ReduceOp<float, at::native::func_wrapper_t<float, at::native::sum_functor<float, float, float>::operator()(at::TensorIterator&)::{lambda(float, float)#1}>, unsigned int, float, 4, 4> >(at::native::ReduceOp<float, at::native::func_wrapper_t<float, at::native::sum_functor<float, float, float>::operator()(at::TensorIterator&)::{lambda(float, float)#1}>, unsigned int, float, 4, 4>)",49,,,284.58,
medium_train_step_s256,medium,256,fp32,kernel,"void at::native::(anonymous namespace)::CatArrayBatchedCopy<at::native::(anonymous namespace)::OpaqueType<4u>, unsigned int, 4, 64, 64>(at::native::(anonymous namespace)::OpaqueType<4u>*, at::native::(anonymous namespace)::CatArrInputTensorMetadata<at::native::(anonymous namespace)::OpaqueType<4u>, unsigned int, 64, 64>, at::native::(anonymous namespace)::TensorSizeStride<unsigned int, 4u>, int, unsigned int)",72,,,241.059,
medium_train_step_s256,medium,256,fp32,kernel,"void at::native::vectorized_elementwise_kernel<4, at::native::neg_kernel_cuda(at::TensorIteratorBase&)::{lambda()#2}::operator()() const::{lambda()#7}::operator()() const::{lambda(float)#1}, std::array<char*, 2ul> >(int, at::native::neg_kernel_cuda(at::TensorIteratorBase&)::{lambda()#2}::operator()() const::{lambda()#7}::operator()() const::{lambda(float)#1}, std::array<char*, 2ul>)",48,,,218.305,
medium_train_step_s256,medium,256,fp32,kernel,"void at::native::elementwise_kernel<128, 2, at::native::gpu_kernel_impl_nocast<at::native::(anonymous namespace)::where_kernel_impl(at::TensorIterator&)::{lambda()#1}::operator()() const::{lambda()#11}::operator()() const::{lambda(bool, float, float)#1}>(at::TensorIteratorBase&, at::native::(anonymous namespace)::where_kernel_impl(at::TensorIterator&)::{lambda()#1}::operator()() const::{lambda()#11}::operator()() const::{lambda(bool, float, float)#1} const&)::{lambda(int)#1}>(int, at::native::gpu_kernel_impl_nocast<at::native::(anonymous namespace)::where_kernel_impl(at::TensorIterator&)::{lambda()#1}::operator()() const::{lambda()#11}::operator()() const::{lambda(bool, float, float)#1}>(at::TensorIteratorBase&, at::native::(anonymous namespace)::where_kernel_impl(at::TensorIterator&)::{lambda()#1}::operator()() const::{lambda()#11}::operator()() const::{lambda(bool, float, float)#1} const&)::{lambda(int)#1})",48,,,200.833,
medium_train_step_s256,medium,256,fp32,kernel,"void at::native::elementwise_kernel<128, 2, at::native::gpu_kernel_impl_nocast<at::native::CUDAFunctor_add<float> >(at::TensorIteratorBase&, at::native::CUDAFunctor_add<float> const&)::{lambda(int)#1}>(int, at::native::gpu_kernel_impl_nocast<at::native::CUDAFunctor_add<float> >(at::TensorIteratorBase&, at::native::CUDAFunctor_add<float> const&)::{lambda(int)#1})",48,,,177.856,
medium_train_step_s256,medium,256,fp32,kernel,void cutlass::Kernel2<cutlass_80_simt_sgemm_128x64_8x5_nn_align1>(cutlass_80_simt_sgemm_128x64_8x5_nn_align1::Params),1,,,165.666,
medium_train_step_s256,medium,256,fp32,kernel,"void at::native::reduce_kernel<512, 1, at::native::ReduceOp<float, at::native::MeanOps<float, float, float, float>, unsigned int, float, 4, 4> >(at::native::ReduceOp<float, at::native::MeanOps<float, float, float, float>, unsigned int, float, 4, 4>)",49,,,151.814,
medium_train_step_s256,medium,256,fp32,kernel,"void at::native::vectorized_elementwise_kernel<4, at::native::BUnaryFunctor<float, float, float, at::native::binary_internal::MulFunctor<float> >, std::array<char*, 2ul> >(int, at::native::BUnaryFunctor<float, float, float, at::native::binary_internal::MulFunctor<float> >, std::array<char*, 2ul>)",48,,,146.527,
medium_train_step_s256,medium,256,fp32,kernel,"void at::native::_scatter_gather_elementwise_kernel<128, 8, at::native::_cuda_scatter_gather_internal_kernel<true, at::native::OpaqueType<4> >::operator()<at::native::TensorAssign>(at::TensorIterator&, long, long, long, at::native::TensorAssign const&)::{lambda(int)#1}>(int, at::native::_cuda_scatter_gather_internal_kernel<true, at::native::OpaqueType<4> >::operator()<at::native::TensorAssign>(at::TensorIterator&, long, long, long, at::native::TensorAssign const&)::{lambda(int)#1})",24,,,122.339,
medium_train_step_s256,medium,256,fp32,range,profile/measure,1,267701.841,,,
medium_train_step_s256,medium,256,fp32,range,forward,2,134031.612,,,
medium_train_step_s256,medium,256,fp32,range,backward,2,128870.401,,,
medium_train_step_s256,medium,256,fp32,range,optimizer,1,68612.365,,,
medium_train_step_s256,medium,256,fp32,range,attention/scores,48,9853.62,,,
medium_train_step_s256,medium,256,fp32,range,attention/softmax,48,6589.114,,,
medium_train_step_s256,medium,256,fp32,range,attention/value,48,4562.179,,,
medium_train_step_s256,medium,256,fp32,range,profile/warmup,1,1005.417,,,
medium_train_step_s256,medium,256,fp32,range,optimizer/zero_grad,1,896.031,,,
medium_train_step_s512,medium,512,fp32,operator,Optimizer.step#AdamW.step,1,0.0,0.0,72426.63,72426.63
medium_train_step_s512,medium,512,fp32,operator,forward,1,0.0,0.0,66880.109,66880.109
medium_train_step_s512,medium,512,fp32,operator,profile/measure,1,272473.429,1664.943,49809.018,0.0
medium_train_step_s512,medium,512,fp32,operator,aten::bmm,651,21329.4,14193.954,40854.511,40854.511
medium_train_step_s512,medium,512,fp32,operator,optimizer,1,71913.031,256.658,30146.323,0.0
medium_train_step_s512,medium,512,fp32,operator,Optimizer.step#AdamW.step,1,71656.373,19897.211,30146.323,0.0
medium_train_step_s512,medium,512,fp32,operator,autograd::engine::evaluate_function: BmmBackward0,217,18617.657,2088.412,25510.931,0.0
medium_train_step_s512,medium,512,fp32,operator,BmmBackward0,217,16529.245,1780.916,25510.931,0.0
medium_train_step_s512,medium,512,fp32,operator,aten::mul,2381,36424.685,22269.944,19800.788,19763.348
medium_train_step_s512,medium,512,fp32,operator,forward,1,67019.916,14314.549,19635.399,0.0
medium_train_step_s512,medium,512,fp32,operator,aten::einsum,217,23805.647,4934.99,15343.58,0.0
medium_train_step_s512,medium,512,fp32,operator,"void at::native::vectorized_elementwise_kernel<4, at::native::AUnaryFunctor<float, float, float, at::native::binary_internal::MulFunctor<float> >, std::array<char*, 2ul> >(int, at::native::AUnaryFunctor<float, float, float, at::native::binary_internal::MulFunctor<float> >, std::array<char*, 2ul>)",1412,0.0,0.0,14521.264,14521.264
medium_train_step_s512,medium,512,fp32,operator,ampere_sgemm_128x64_tn,73,0.0,0.0,9528.295,9528.295
medium_train_step_s512,medium,512,fp32,operator,ampere_sgemm_128x64_nn,73,0.0,0.0,9433.38,9433.38
medium_train_step_s512,medium,512,fp32,operator,"void at::native::vectorized_elementwise_kernel<4, at::native::CUDAFunctor_add<float>, std::array<char*, 3ul> >(int, at::native::CUDAFunctor_add<float>, std::array<char*, 3ul>)",1333,0.0,0.0,9099.159,9099.159
medium_train_step_s512,medium,512,fp32,operator,aten::copy_,363,6477.093,3276.658,6319.519,6319.519
medium_train_step_s512,medium,512,fp32,operator,"void at::native::elementwise_kernel<128, 2, at::native::gpu_kernel_impl_nocast<at::native::direct_copy_kernel_cuda(at::TensorIteratorBase&)::{lambda()#3}::operator()() const::{lambda()#7}::operator()() const::{lambda(float)#1}>(at::TensorIteratorBase&, at::native::direct_copy_kernel_cuda(at::TensorIteratorBase&)::{lambda()#3}::operator()() const::{lambda()#7}::operator()() const::{lambda(float)#1} const&)::{lambda(int)#1}>(int, at::native::gpu_kernel_impl_nocast<at::native::direct_copy_kernel_cuda(at::TensorIteratorBase&)::{lambda()#3}::operator()() const::{lambda()#7}::operator()() const::{lambda(float)#1}>(at::TensorIteratorBase&, at::native::direct_copy_kernel_cuda(at::TensorIteratorBase&)::{lambda()#3}::operator()() const::{lambda()#7}::operator()() const::{lambda(float)#1} const&)::{lambda(int)#1})",313,0.0,0.0,6160.479,6160.479
medium_train_step_s512,medium,512,fp32,operator,void cutlass::Kernel2<cutlass_80_simt_sgemm_128x256_8x4_nt_align1>(cutlass_80_simt_sgemm_128x256_8x4_nt_align1::Params),73,0.0,0.0,5947.198,5947.198
medium_train_step_s512,medium,512,fp32,operator,autograd::engine::evaluate_function: torch::autograd::AccumulateGrad,219,7339.262,897.429,5724.384,0.0
medium_train_step_s512,medium,512,fp32,operator,torch::autograd::AccumulateGrad,219,6441.833,1297.2,5724.384,0.0
medium_train_step_s512,medium,512,fp32,operator,aten::add,850,12086.886,7683.851,5069.861,5069.861
medium_train_step_s512,medium,512,fp32,operator,aten::div,412,6757.112,4361.657,4471.329,4471.329
medium_train_step_s512,medium,512,fp32,operator,ampere_sgemm_64x64_tn,96,0.0,0.0,4252.108,4252.108
medium_train_step_s512,medium,512,fp32,operator,aten::sub_,438,4537.52,2444.168,4170.387,4170.387
medium_train_step_s512,medium,512,fp32,operator,autograd::engine::evaluate_function: MulBackward0,338,15903.673,3578.925,3925.098,0.0
medium_train_step_s512,medium,512,fp32,operator,ampere_sgemm_64x64_nn,96,0.0,0.0,3755.142,3755.142
medium_train_step_s512,medium,512,fp32,operator,"void at::native::vectorized_elementwise_kernel<4, at::native::BinaryFunctor<float, float, float, at::native::binary_internal::MulFunctor<float> >, std::array<char*, 3ul> >(int, at::native::BinaryFunctor<float, float, float, at::native::binary_internal::MulFunctor<float> >, std::array<char*, 3ul>)",388,0.0,0.0,3606.0,3606.0
medium_train_step_s512,medium,512,fp32,operator,autograd::engine::evaluate_function: DivBackward0,48,3674.662,477.521,3186.335,0.0
medium_train_step_s512,medium,512,fp32,operator,attention/scores,24,0.0,0.0,3105.405,3105.405
medium_train_step_s512,medium,512,fp32,operator,MulBackward0,338,8840.905,1058.334,3029.569,0.0
medium_train_step_s512,medium,512,fp32,kernel,"void at::native::vectorized_elementwise_kernel<4, at::native::AUnaryFunctor<float, float, float, at::native::binary_internal::MulFunctor<float> >, std::array<char*, 2ul> >(int, at::native::AUnaryFunctor<float, float, float, at::native::binary_internal::MulFunctor<float> >, std::array<char*, 2ul>)",1412,,,14521.264,
medium_train_step_s512,medium,512,fp32,kernel,ampere_sgemm_128x64_tn,73,,,9528.295,
medium_train_step_s512,medium,512,fp32,kernel,ampere_sgemm_128x64_nn,73,,,9433.38,
medium_train_step_s512,medium,512,fp32,kernel,"void at::native::vectorized_elementwise_kernel<4, at::native::CUDAFunctor_add<float>, std::array<char*, 3ul> >(int, at::native::CUDAFunctor_add<float>, std::array<char*, 3ul>)",1333,,,9099.159,
medium_train_step_s512,medium,512,fp32,kernel,"void at::native::elementwise_kernel<128, 2, at::native::gpu_kernel_impl_nocast<at::native::direct_copy_kernel_cuda(at::TensorIteratorBase&)::{lambda()#3}::operator()() const::{lambda()#7}::operator()() const::{lambda(float)#1}>(at::TensorIteratorBase&, at::native::direct_copy_kernel_cuda(at::TensorIteratorBase&)::{lambda()#3}::operator()() const::{lambda()#7}::operator()() const::{lambda(float)#1} const&)::{lambda(int)#1}>(int, at::native::gpu_kernel_impl_nocast<at::native::direct_copy_kernel_cuda(at::TensorIteratorBase&)::{lambda()#3}::operator()() const::{lambda()#7}::operator()() const::{lambda(float)#1}>(at::TensorIteratorBase&, at::native::direct_copy_kernel_cuda(at::TensorIteratorBase&)::{lambda()#3}::operator()() const::{lambda()#7}::operator()() const::{lambda(float)#1} const&)::{lambda(int)#1})",313,,,6160.479,
medium_train_step_s512,medium,512,fp32,kernel,void cutlass::Kernel2<cutlass_80_simt_sgemm_128x256_8x4_nt_align1>(cutlass_80_simt_sgemm_128x256_8x4_nt_align1::Params),73,,,5947.198,
medium_train_step_s512,medium,512,fp32,kernel,ampere_sgemm_64x64_tn,96,,,4252.108,
medium_train_step_s512,medium,512,fp32,kernel,ampere_sgemm_64x64_nn,96,,,3755.142,
medium_train_step_s512,medium,512,fp32,kernel,"void at::native::vectorized_elementwise_kernel<4, at::native::BinaryFunctor<float, float, float, at::native::binary_internal::MulFunctor<float> >, std::array<char*, 3ul> >(int, at::native::BinaryFunctor<float, float, float, at::native::binary_internal::MulFunctor<float> >, std::array<char*, 3ul>)",388,,,3606.0,
medium_train_step_s512,medium,512,fp32,kernel,ampere_sgemm_32x128_nt,96,,,2769.54,
medium_train_step_s512,medium,512,fp32,kernel,"void at::native::vectorized_elementwise_kernel<4, at::native::(anonymous namespace)::pow_tensor_scalar_kernel_impl<float, float>(at::TensorIteratorBase&, float)::{lambda(float)#1}, std::array<char*, 2ul> >(int, at::native::(anonymous namespace)::pow_tensor_scalar_kernel_impl<float, float>(at::TensorIteratorBase&, float)::{lambda(float)#1}, std::array<char*, 2ul>)",268,,,2546.686,
medium_train_step_s512,medium,512,fp32,kernel,ampere_sgemm_128x128_nn,48,,,2097.812,
medium_train_step_s512,medium,512,fp32,kernel,"void at::native::vectorized_elementwise_kernel<4, at::native::FillFunctor<float>, std::array<char*, 1ul> >(int, at::native::FillFunctor<float>, std::array<char*, 1ul>)",514,,,2085.599,
medium_train_step_s512,medium,512,fp32,kernel,ampere_sgemm_128x128_nt,48,,,2051.287,
medium_train_step_s512,medium,512,fp32,kernel,"void at::native::elementwise_kernel<128, 2, at::native::gpu_kernel_impl_nocast<at::native::BinaryFunctor<float, float, float, at::native::binary_internal::DivFunctor<float> > >(at::TensorIteratorBase&, at::native::BinaryFunctor<float, float, float, at::native::binary_internal::DivFunctor<float> > const&)::{lambda(int)#1}>(int, at::native::gpu_kernel_impl_nocast<at::native::BinaryFunctor<float, float, float, at::native::binary_internal::DivFunctor<float> > >(at::TensorIteratorBase&, at::native::BinaryFunctor<float, float, float, at::native::binary_internal::DivFunctor<float> > const&)::{lambda(int)#1})",96,,,2035.948,
medium_train_step_s512,medium,512,fp32,kernel,"void at::native::vectorized_elementwise_kernel<4, at::native::BinaryFunctor<float, float, float, at::native::binary_internal::DivFunctor<float> >, std::array<char*, 3ul> >(int, at::native::BinaryFunctor<float, float, float, at::native::binary_internal::DivFunctor<float> >, std::array<char*, 3ul>)",219,,,1670.252,
medium_train_step_s512,medium,512,fp32,kernel,"void at::native::elementwise_kernel<128, 2, at::native::gpu_kernel_impl_nocast<at::native::BinaryFunctor<float, float, float, at::native::binary_internal::MulFunctor<float> > >(at::TensorIteratorBase&, at::native::BinaryFunctor<float, float, float, at::native::binary_internal::MulFunctor<float> > const&)::{lambda(int)#1}>(int, at::native::gpu_kernel_impl_nocast<at::native::BinaryFunctor<float, float, float, at::native::binary_internal::MulFunctor<float> > >(at::TensorIteratorBase&, at::native::BinaryFunctor<float, float, float, at::native::binary_internal::MulFunctor<float> > const&)::{lambda(int)#1})",580,,,1634.964,
medium_train_step_s512,medium,512,fp32,kernel,"void at::native::vectorized_elementwise_kernel<4, at::native::sqrt_kernel_cuda(at::TensorIteratorBase&)::{lambda()#2}::operator()() const::{lambda()#2}::operator()() const::{lambda(float)#1}, std::array<char*, 2ul> >(int, at::native::sqrt_kernel_cuda(at::TensorIteratorBase&)::{lambda()#2}::operator()() const::{lambda()#2}::operator()() const::{lambda(float)#1}, std::array<char*, 2ul>)",219,,,1242.773,
medium_train_step_s512,medium,512,fp32,kernel,"void at::native::vectorized_elementwise_kernel<4, at::native::CUDAFunctorOnSelf_add<float>, std::array<char*, 2ul> >(int, at::native::CUDAFunctorOnSelf_add<float>, std::array<char*, 2ul>)",268,,,1204.717,
medium_train_step_s512,medium,512,fp32,kernel,"void at::native::vectorized_elementwise_kernel<4, at::native::neg_kernel_cuda(at::TensorIteratorBase&)::{lambda()#2}::operator()() const::{lambda()#7}::operator()() const::{lambda(float)#1}, std::array<char*, 2ul> >(int, at::native::neg_kernel_cuda(at::TensorIteratorBase&)::{lambda()#2}::operator()() const::{lambda()#7}::operator()() const::{lambda(float)#1}, std::array<char*, 2ul>)",48,,,938.989,
medium_train_step_s512,medium,512,fp32,kernel,ampere_sgemm_128x128_tn,48,,,893.481,
medium_train_step_s512,medium,512,fp32,kernel,"void at::native::reduce_kernel<512, 1, at::native::ReduceOp<float, at::native::func_wrapper_t<float, at::native::sum_functor<float, float, float>::operator()(at::TensorIterator&)::{lambda(float, float)#1}>, unsigned int, float, 4, 4> >(at::native::ReduceOp<float, at::native::func_wrapper_t<float, at::native::sum_functor<float, float, float>::operator()(at::TensorIterator&)::{lambda(float, float)#1}>, unsigned int, float, 4, 4>)",121,,,658.788,
medium_train_step_s512,medium,512,fp32,kernel,"void at::native::vectorized_elementwise_kernel<4, at::native::BUnaryFunctor<float, float, float, at::native::binary_internal::MulFunctor<float> >, std::array<char*, 2ul> >(int, at::native::BUnaryFunctor<float, float, float, at::native::binary_internal::MulFunctor<float> >, std::array<char*, 2ul>)",48,,,649.769,
medium_train_step_s512,medium,512,fp32,kernel,"void at::native::elementwise_kernel<128, 2, at::native::gpu_kernel_impl_nocast<at::native::(anonymous namespace)::where_kernel_impl(at::TensorIterator&)::{lambda()#1}::operator()() const::{lambda()#11}::operator()() const::{lambda(bool, float, float)#1}>(at::TensorIteratorBase&, at::native::(anonymous namespace)::where_kernel_impl(at::TensorIterator&)::{lambda()#1}::operator()() const::{lambda()#11}::operator()() const::{lambda(bool, float, float)#1} const&)::{lambda(int)#1}>(int, at::native::gpu_kernel_impl_nocast<at::native::(anonymous namespace)::where_kernel_impl(at::TensorIterator&)::{lambda()#1}::operator()() const::{lambda()#11}::operator()() const::{lambda(bool, float, float)#1}>(at::TensorIteratorBase&, at::native::(anonymous namespace)::where_kernel_impl(at::TensorIterator&)::{lambda()#1}::operator()() const::{lambda()#11}::operator()() const::{lambda(bool, float, float)#1} const&)::{lambda(int)#1})",48,,,543.081,
medium_train_step_s512,medium,512,fp32,kernel,"void at::native::elementwise_kernel<128, 2, at::native::gpu_kernel_impl_nocast<at::native::CUDAFunctor_add<float> >(at::TensorIteratorBase&, at::native::CUDAFunctor_add<float> const&)::{lambda(int)#1}>(int, at::native::gpu_kernel_impl_nocast<at::native::CUDAFunctor_add<float> >(at::TensorIteratorBase&, at::native::CUDAFunctor_add<float> const&)::{lambda(int)#1})",48,,,480.198,
medium_train_step_s512,medium,512,fp32,kernel,"void at::native::reduce_kernel<128, 4, at::native::ReduceOp<float, at::native::func_wrapper_t<float, at::native::sum_functor<float, float, float>::operator()(at::TensorIterator&)::{lambda(float, float)#1}>, unsigned int, float, 4, 4> >(at::native::ReduceOp<float, at::native::func_wrapper_t<float, at::native::sum_functor<float, float, float>::operator()(at::TensorIterator&)::{lambda(float, float)#1}>, unsigned int, float, 4, 4>)",49,,,409.927,
medium_train_step_s512,medium,512,fp32,kernel,"void at::native::(anonymous namespace)::CatArrayBatchedCopy<at::native::(anonymous namespace)::OpaqueType<4u>, unsigned int, 4, 64, 64>(at::native::(anonymous namespace)::OpaqueType<4u>*, at::native::(anonymous namespace)::CatArrInputTensorMetadata<at::native::(anonymous namespace)::OpaqueType<4u>, unsigned int, 64, 64>, at::native::(anonymous namespace)::TensorSizeStride<unsigned int, 4u>, int, unsigned int)",72,,,304.17,
medium_train_step_s512,medium,512,fp32,kernel,"void at::native::reduce_kernel<512, 1, at::native::ReduceOp<float, at::native::MaxOps<float>, unsigned int, float, 4, 4> >(at::native::ReduceOp<float, at::native::MaxOps<float>, unsigned int, float, 4, 4>)",24,,,235.616,
medium_train_step_s512,medium,512,fp32,kernel,"void at::native::vectorized_elementwise_kernel<4, at::native::exp_kernel_cuda(at::TensorIteratorBase&)::{lambda()#2}::operator()() const::{lambda()#2}::operator()() const::{lambda(float)#1}, std::array<char*, 2ul> >(int, at::native::exp_kernel_cuda(at::TensorIteratorBase&)::{lambda()#2}::operator()() const::{lambda()#2}::operator()() const::{lambda(float)#1}, std::array<char*, 2ul>)",24,,,233.921,
medium_train_step_s512,medium,512,fp32,kernel,"void at::native::vectorized_elementwise_kernel<4, at::native::sigmoid_kernel_cuda(at::TensorIteratorBase&)::{lambda()#2}::operator()() const::{lambda()#2}::operator()() const::{lambda(float)#1}, std::array<char*, 2ul> >(int, at::native::sigmoid_kernel_cuda(at::TensorIteratorBase&)::{lambda()#2}::operator()() const::{lambda()#2}::operator()() const::{lambda(float)#1}, std::array<char*, 2ul>)",24,,,207.043,
medium_train_step_s512,medium,512,fp32,range,profile/measure,1,272473.429,,,
medium_train_step_s512,medium,512,fp32,range,forward,2,133900.027,,,
medium_train_step_s512,medium,512,fp32,range,backward,2,130964.9,,,
medium_train_step_s512,medium,512,fp32,range,optimizer,1,71913.031,,,
medium_train_step_s512,medium,512,fp32,range,attention/scores,48,9967.654,,,
medium_train_step_s512,medium,512,fp32,range,attention/softmax,48,6874.824,,,
medium_train_step_s512,medium,512,fp32,range,attention/value,48,5176.242,,,
medium_train_step_s512,medium,512,fp32,range,profile/warmup,1,788.71,,,
medium_train_step_s512,medium,512,fp32,range,optimizer/zero_grad,1,746.695,,,
small_train_step_s1024,small,1024,fp32,operator,Optimizer.step#AdamW.step,1,0.0,0.0,42240.794,42240.794
small_train_step_s1024,small,1024,fp32,operator,forward,1,0.0,0.0,34642.378,34642.378
small_train_step_s1024,small,1024,fp32,operator,aten::bmm,327,11454.403,7628.823,26615.773,26615.773
small_train_step_s1024,small,1024,fp32,operator,profile/measure,1,151602.012,700.988,24441.004,0.0
small_train_step_s1024,small,1024,fp32,operator,autograd::engine::evaluate_function: BmmBackward0,109,10272.183,1125.593,17612.733,0.0
small_train_step_s1024,small,1024,fp32,operator,BmmBackward0,109,9146.59,927.093,17612.733,0.0
small_train_step_s1024,small,1024,fp32,operator,forward,1,34553.976,7371.162,15343.772,0.0
small_train_step_s1024,small,1024,fp32,operator,aten::mul,1205,20126.402,12890.286,10504.034,10504.034
small_train_step_s1024,small,1024,fp32,operator,optimizer,1,41967.968,65.499,9031.919,0.0
small_train_step_s1024,small,1024,fp32,operator,Optimizer.step#AdamW.step,1,41902.469,11992.15,9031.919,0.0
small_train_step_s1024,small,1024,fp32,operator,aten::einsum,109,12292.289,2655.837,9003.04,0.0
small_train_step_s1024,small,1024,fp32,operator,autograd::engine::evaluate_function: DivBackward0,24,1968.739,258.356,8487.737,0.0
small_train_step_s1024,small,1024,fp32,operator,DivBackward0,24,1452.431,182.745,7580.143,0.0
small_train_step_s1024,small,1024,fp32,operator,aten::div,208,3751.873,2454.205,7205.003,7205.003
small_train_step_s1024,small,1024,fp32,operator,ampere_sgemm_128x64_tn,85,0.0,0.0,7192.627,7192.627
small_train_step_s1024,small,1024,fp32,operator,"void at::native::vectorized_elementwise_kernel<4, at::native::BinaryFunctor<float, float, float, at::native::binary_internal::MulFunctor<float> >, std::array<char*, 3ul> >(int, at::native::BinaryFunctor<float, float, float, at::native::binary_internal::MulFunctor<float> >, std::array<char*, 3ul>)",196,0.0,0.0,5176.046,5176.046
small_train_step_s1024,small,1024,fp32,operator,void cutlass::Kernel2<cutlass_80_simt_sgemm_128x256_8x4_nt_align1>(cutlass_80_simt_sgemm_128x256_8x4_nt_align1::Params),37,0.0,0.0,4988.591,4988.591
small_train_step_s1024,small,1024,fp32,operator,ampere_sgemm_128x64_nn,72,0.0,0.0,4930.202,4930.202
small_train_step_s1024,small,1024,fp32,operator,"void at::native::vectorized_elementwise_kernel<4, at::native::CUDAFunctor_add<float>, std::array<char*, 3ul> >(int, at::native::CUDAFunctor_add<float>, std::array<char*, 3ul>)",673,0.0,0.0,4525.755,4525.755
small_train_step_s1024,small,1024,fp32,operator,"void at::native::elementwise_kernel<128, 2, at::native::gpu_kernel_impl_nocast<at::native::BinaryFunctor<float, float, float, at::native::binary_internal::DivFunctor<float> > >(at::TensorIteratorBase&, at::native::BinaryFunctor<float, float, float, at::native::binary_internal::DivFunctor<float> > const&)::{lambda(int)#1}>(int, at::native::gpu_kernel_impl_nocast<at::native::BinaryFunctor<float, float, float, at::native::binary_internal::DivFunctor<float> > >(at::TensorIteratorBase&, at::native::BinaryFunctor<float, float, float, at::native::binary_internal::DivFunctor<float> > const&)::{lambda(int)#1})",48,0.0,0.0,4506.8,4506.8
small_train_step_s1024,small,1024,fp32,operator,"void at::native::vectorized_elementwise_kernel<4, at::native::AUnaryFunctor<float, float, float, at::native::binary_internal::MulFunctor<float> >, std::array<char*, 2ul> >(int, at::native::AUnaryFunctor<float, float, float, at::native::binary_internal::MulFunctor<float> >, std::array<char*, 2ul>)",716,0.0,0.0,4311.496,4311.496
small_train_step_s1024,small,1024,fp32,operator,aten::where,48,2190.682,559.374,3070.939,1521.262
small_train_step_s1024,small,1024,fp32,operator,attention/softmax,12,0.0,0.0,2811.132,2811.132
small_train_step_s1024,small,1024,fp32,operator,aten::add_,145,1867.509,1045.763,2731.169,2731.169
small_train_step_s1024,small,1024,fp32,operator,attention/scores,12,0.0,0.0,2730.394,2730.394
small_train_step_s1024,small,1024,fp32,operator,attention/softmax,12,2180.958,862.292,2729.85,0.0
small_train_step_s1024,small,1024,fp32,operator,attention/scores,12,3545.078,1011.448,2583.545,0.0
small_train_step_s1024,small,1024,fp32,operator,autograd::engine::evaluate_function: MulBackward0,170,9028.357,1959.537,2401.852,0.0
small_train_step_s1024,small,1024,fp32,operator,ampere_sgemm_128x128_nt,24,0.0,0.0,2147.511,2147.511
small_train_step_s1024,small,1024,fp32,operator,aten::copy_,183,3509.422,1786.267,2132.916,2132.916
small_train_step_s1024,small,1024,fp32,kernel,ampere_sgemm_128x64_tn,85,,,7192.627,
small_train_step_s1024,small,1024,fp32,kernel,"void at::native::vectorized_elementwise_kernel<4, at::native::BinaryFunctor<float, float, float, at::native::binary_internal::MulFunctor<float> >, std::array<char*, 3ul> >(int, at::native::BinaryFunctor<float, float, float, at::native::binary_internal::MulFunctor<float> >, std::array<char*, 3ul>)",196,,,5176.046,
small_train_step_s1024,small,1024,fp32,kernel,void cutlass::Kernel2<cutlass_80_simt_sgemm_128x256_8x4_nt_align1>(cutlass_80_simt_sgemm_128x256_8x4_nt_align1::Params),37,,,4988.591,
small_train_step_s1024,small,1024,fp32,kernel,ampere_sgemm_128x64_nn,72,,,4930.202,
small_train_step_s1024,small,1024,fp32,kernel,"void at::native::vectorized_elementwise_kernel<4, at::native::CUDAFunctor_add<float>, std::array<char*, 3ul> >(int, at::native::CUDAFunctor_add<float>, std::array<char*, 3ul>)",673,,,4525.755,
small_train_step_s1024,small,1024,fp32,kernel,"void at::native::elementwise_kernel<128, 2, at::native::gpu_kernel_impl_nocast<at::native::BinaryFunctor<float, float, float, at::native::binary_internal::DivFunctor<float> > >(at::TensorIteratorBase&, at::native::BinaryFunctor<float, float, float, at::native::binary_internal::DivFunctor<float> > const&)::{lambda(int)#1}>(int, at::native::gpu_kernel_impl_nocast<at::native::BinaryFunctor<float, float, float, at::native::binary_internal::DivFunctor<float> > >(at::TensorIteratorBase&, at::native::BinaryFunctor<float, float, float, at::native::binary_internal::DivFunctor<float> > const&)::{lambda(int)#1})",48,,,4506.8,
small_train_step_s1024,small,1024,fp32,kernel,"void at::native::vectorized_elementwise_kernel<4, at::native::AUnaryFunctor<float, float, float, at::native::binary_internal::MulFunctor<float> >, std::array<char*, 2ul> >(int, at::native::AUnaryFunctor<float, float, float, at::native::binary_internal::MulFunctor<float> >, std::array<char*, 2ul>)",716,,,4311.496,
small_train_step_s1024,small,1024,fp32,kernel,ampere_sgemm_128x128_nt,24,,,2147.511,
small_train_step_s1024,small,1024,fp32,kernel,ampere_sgemm_128x32_nt,48,,,2086.198,
small_train_step_s1024,small,1024,fp32,kernel,ampere_sgemm_128x128_nn,24,,,2075.158,
small_train_step_s1024,small,1024,fp32,kernel,"void at::native::vectorized_elementwise_kernel<4, at::native::BUnaryFunctor<float, float, float, at::native::binary_internal::MulFunctor<float> >, std::array<char*, 2ul> >(int, at::native::BUnaryFunctor<float, float, float, at::native::binary_internal::MulFunctor<float> >, std::array<char*, 2ul>)",24,,,2060.116,
small_train_step_s1024,small,1024,fp32,kernel,"void at::native::elementwise_kernel<128, 2, at::native::gpu_kernel_impl_nocast<at::native::direct_copy_kernel_cuda(at::TensorIteratorBase&)::{lambda()#3}::operator()() const::{lambda()#7}::operator()() const::{lambda(float)#1}>(at::TensorIteratorBase&, at::native::direct_copy_kernel_cuda(at::TensorIteratorBase&)::{lambda()#3}::operator()() const::{lambda()#7}::operator()() const::{lambda(float)#1} const&)::{lambda(int)#1}>(int, at::native::gpu_kernel_impl_nocast<at::native::direct_copy_kernel_cuda(at::TensorIteratorBase&)::{lambda()#3}::operator()() const::{lambda()#7}::operator()() const::{lambda(float)#1}>(at::TensorIteratorBase&, at::native::direct_copy_kernel_cuda(at::TensorIteratorBase&)::{lambda()#3}::operator()() const::{lambda()#7}::operator()() const::{lambda(float)#1} const&)::{lambda(int)#1})",157,,,2050.644,
small_train_step_s1024,small,1024,fp32,kernel,"void at::native::vectorized_elementwise_kernel<4, at::native::neg_kernel_cuda(at::TensorIteratorBase&)::{lambda()#2}::operator()() const::{lambda()#7}::operator()() const::{lambda(float)#1}, std::array<char*, 2ul> >(int, at::native::neg_kernel_cuda(at::TensorIteratorBase&)::{lambda()#2}::operator()() const::{lambda()#7}::operator()() const::{lambda(float)#1}, std::array<char*, 2ul>)",24,,,2045.944,
small_train_step_s1024,small,1024,fp32,kernel,void cutlass::Kernel2<cutlass_80_simt_sgemm_256x128_8x4_nn_align1>(cutlass_80_simt_sgemm_256x128_8x4_nn_align1::Params),13,,,1643.826,
small_train_step_s1024,small,1024,fp32,kernel,"void at::native::elementwise_kernel<128, 2, at::native::gpu_kernel_impl_nocast<at::native::CUDAFunctor_add<float> >(at::TensorIteratorBase&, at::native::CUDAFunctor_add<float> const&)::{lambda(int)#1}>(int, at::native::gpu_kernel_impl_nocast<at::native::CUDAFunctor_add<float> >(at::TensorIteratorBase&, at::native::CUDAFunctor_add<float> const&)::{lambda(int)#1})",24,,,1598.067,
small_train_step_s1024,small,1024,fp32,kernel,"void at::native::elementwise_kernel<128, 2, at::native::gpu_kernel_impl_nocast<at::native::(anonymous namespace)::where_kernel_impl(at::TensorIterator&)::{lambda()#1}::operator()() const::{lambda()#11}::operator()() const::{lambda(bool, float, float)#1}>(at::TensorIteratorBase&, at::native::(anonymous namespace)::where_kernel_impl(at::TensorIterator&)::{lambda()#1}::operator()() const::{lambda()#11}::operator()() const::{lambda(bool, float, float)#1} const&)::{lambda(int)#1}>(int, at::native::gpu_kernel_impl_nocast<at::native::(anonymous namespace)::where_kernel_impl(at::TensorIterator&)::{lambda()#1}::operator()() const::{lambda()#11}::operator()() const::{lambda(bool, float, float)#1}>(at::TensorIteratorBase&, at::native::(anonymous namespace)::where_kernel_impl(at::TensorIterator&)::{lambda()#1}::operator()() const::{lambda()#11}::operator()() const::{lambda(bool, float, float)#1} const&)::{lambda(int)#1})",24,,,1521.262,
small_train_step_s1024,small,1024,fp32,kernel,"void at::native::reduce_kernel<512, 1, at::native::ReduceOp<float, at::native::func_wrapper_t<float, at::native::sum_functor<float, float, float>::operator()(at::TensorIterator&)::{lambda(float, float)#1}>, unsigned int, float, 4, 4> >(at::native::ReduceOp<float, at::native::func_wrapper_t<float, at::native::sum_functor<float, float, float>::operator()(at::TensorIterator&)::{lambda(float, float)#1}>, unsigned int, float, 4, 4>)",61,,,1342.353,
small_train_step_s1024,small,1024,fp32,kernel,ampere_sgemm_128x128_tn,24,,,1226.09,
small_train_step_s1024,small,1024,fp32,kernel,"void at::native::elementwise_kernel<128, 2, at::native::gpu_kernel_impl_nocast<at::native::BinaryFunctor<float, float, float, at::native::binary_internal::MulFunctor<float> > >(at::TensorIteratorBase&, at::native::BinaryFunctor<float, float, float, at::native::binary_internal::MulFunctor<float> > const&)::{lambda(int)#1}>(int, at::native::gpu_kernel_impl_nocast<at::native::BinaryFunctor<float, float, float, at::native::binary_internal::MulFunctor<float> > >(at::TensorIteratorBase&, at::native::BinaryFunctor<float, float, float, at::native::binary_internal::MulFunctor<float> > const&)::{lambda(int)#1})",292,,,1015.372,
small_train_step_s1024,small,1024,fp32,kernel,"void at::native::vectorized_elementwise_kernel<4, at::native::FillFunctor<float>, std::array<char*, 1ul> >(int, at::native::FillFunctor<float>, std::array<char*, 1ul>)",262,,,967.568,
small_train_step_s1024,small,1024,fp32,kernel,"void at::native::vectorized_elementwise_kernel<4, at::native::exp_kernel_cuda(at::TensorIteratorBase&)::{lambda()#2}::operator()() const::{lambda()#2}::operator()() const::{lambda(float)#1}, std::array<char*, 2ul> >(int, at::native::exp_kernel_cuda(at::TensorIteratorBase&)::{lambda()#2}::operator()() const::{lambda()#2}::operator()() const::{lambda(float)#1}, std::array<char*, 2ul>)",12,,,965.96,
small_train_step_s1024,small,1024,fp32,kernel,"void at::native::vectorized_elementwise_kernel<4, at::native::BinaryFunctor<float, float, float, at::native::binary_internal::DivFunctor<float> >, std::array<char*, 3ul> >(int, at::native::BinaryFunctor<float, float, float, at::native::binary_internal::DivFunctor<float> >, std::array<char*, 3ul>)",111,,,565.992,
small_train_step_s1024,small,1024,fp32,kernel,"void at::native::vectorized_elementwise_kernel<4, at::native::(anonymous namespace)::pow_tensor_scalar_kernel_impl<float, float>(at::TensorIteratorBase&, float)::{lambda(float)#1}, std::array<char*, 2ul> >(int, at::native::(anonymous namespace)::pow_tensor_scalar_kernel_impl<float, float>(at::TensorIteratorBase&, float)::{lambda(float)#1}, std::array<char*, 2ul>)",136,,,518.284,
small_train_step_s1024,small,1024,fp32,kernel,"void at::native::vectorized_elementwise_kernel<4, at::native::sqrt_kernel_cuda(at::TensorIteratorBase&)::{lambda()#2}::operator()() const::{lambda()#2}::operator()() const::{lambda(float)#1}, std::array<char*, 2ul> >(int, at::native::sqrt_kernel_cuda(at::TensorIteratorBase&)::{lambda()#2}::operator()() const::{lambda()#2}::operator()() const::{lambda(float)#1}, std::array<char*, 2ul>)",111,,,459.719,
small_train_step_s1024,small,1024,fp32,kernel,"void at::native::vectorized_elementwise_kernel<4, at::native::CUDAFunctorOnSelf_add<float>, std::array<char*, 2ul> >(int, at::native::CUDAFunctorOnSelf_add<float>, std::array<char*, 2ul>)",136,,,410.174,
small_train_step_s1024,small,1024,fp32,kernel,"void cublasLt::splitKreduce_kernel<32, 16, int, float, float, float, false, float, float, float, true, false, false>(cublasLt::cublasSplitKParams<float>, float const*, float const*, float*, float*, float const*, float const*, float const*, float const*, float*, void*, long, float*, int*, float*, float const*, float const*, float const*, float const*)",36,,,256.833,
small_train_step_s1024,small,1024,fp32,kernel,"void at::native::reduce_kernel<512, 1, at::native::ReduceOp<float, at::native::MaxOps<float>, unsigned int, float, 4, 4> >(at::native::ReduceOp<float, at::native::MaxOps<float>, unsigned int, float, 4, 4>)",12,,,219.81,
small_train_step_s1024,small,1024,fp32,kernel,"void at::native::(anonymous namespace)::CatArrayBatchedCopy<at::native::(anonymous namespace)::OpaqueType<4u>, unsigned int, 4, 64, 64>(at::native::(anonymous namespace)::OpaqueType<4u>*, at::native::(anonymous namespace)::CatArrInputTensorMetadata<at::native::(anonymous namespace)::OpaqueType<4u>, unsigned int, 64, 64>, at::native::(anonymous namespace)::TensorSizeStride<unsigned int, 4u>, int, unsigned int)",36,,,187.874,
small_train_step_s1024,small,1024,fp32,kernel,"void at::native::vectorized_elementwise_kernel<4, at::native::sigmoid_kernel_cuda(at::TensorIteratorBase&)::{lambda()#2}::operator()() const::{lambda()#2}::operator()() const::{lambda(float)#1}, std::array<char*, 2ul> >(int, at::native::sigmoid_kernel_cuda(at::TensorIteratorBase&)::{lambda()#2}::operator()() const::{lambda()#2}::operator()() const::{lambda(float)#1}, std::array<char*, 2ul>)",12,,,154.272,
small_train_step_s1024,small,1024,fp32,kernel,"void at::native::reduce_kernel<128, 4, at::native::ReduceOp<float, at::native::func_wrapper_t<float, at::native::sum_functor<float, float, float>::operator()(at::TensorIterator&)::{lambda(float, float)#1}>, unsigned int, float, 4, 4> >(at::native::ReduceOp<float, at::native::func_wrapper_t<float, at::native::sum_functor<float, float, float>::operator()(at::TensorIterator&)::{lambda(float, float)#1}>, unsigned int, float, 4, 4>)",25,,,149.662,
small_train_step_s1024,small,1024,fp32,range,profile/measure,1,151602.012,,,
small_train_step_s1024,small,1024,fp32,range,backward,2,73717.392,,,
small_train_step_s1024,small,1024,fp32,range,forward,2,69196.356,,,
small_train_step_s1024,small,1024,fp32,range,optimizer,1,41967.968,,,
small_train_step_s1024,small,1024,fp32,range,attention/scores,24,6275.496,,,
small_train_step_s1024,small,1024,fp32,range,attention/softmax,24,4992.114,,,
small_train_step_s1024,small,1024,fp32,range,attention/value,24,3235.061,,,
small_train_step_s1024,small,1024,fp32,range,profile/warmup,1,2987.896,,,
small_train_step_s1024,small,1024,fp32,range,optimizer/zero_grad,1,425.141,,,
small_train_step_s256,small,256,fp32,operator,Optimizer.step#AdamW.step,1,0.0,0.0,36998.312,36998.312
small_train_step_s256,small,256,fp32,operator,forward,1,0.0,0.0,32216.31,32216.31
small_train_step_s256,small,256,fp32,operator,profile/measure,1,141163.155,652.738,13534.708,0.0
small_train_step_s256,small,256,fp32,operator,optimizer,1,36933.286,50.62,9478.672,0.0
small_train_step_s256,small,256,fp32,operator,Optimizer.step#AdamW.step,1,36882.666,10505.593,9478.672,0.0
small_train_step_s256,small,256,fp32,operator,aten::bmm,327,10741.89,7431.675,8565.078,8565.078
small_train_step_s256,small,256,fp32,operator,aten::mul,1205,18653.875,11821.174,5692.963,5692.963
small_train_step_s256,small,256,fp32,operator,autograd::engine::evaluate_function: BmmBackward0,109,10100.376,1106.887,5608.339,0.0
small_train_step_s256,small,256,fp32,operator,BmmBackward0,109,8993.489,1027.216,5608.339,0.0
small_train_step_s256,small,256,fp32,operator,"void at::native::vectorized_elementwise_kernel<4, at::native::AUnaryFunctor<float, float, float, at::native::binary_internal::MulFunctor<float> >, std::array<char*, 2ul> >(int, at::native::AUnaryFunctor<float, float, float, at::native::binary_internal::MulFunctor<float> >, std::array<char*, 2ul>)",716,0.0,0.0,4397.039,4397.039
small_train_step_s256,small,256,fp32,operator,forward,1,33054.534,7399.331,4040.452,0.0
small_train_step_s256,small,256,fp32,operator,"void at::native::vectorized_elementwise_kernel<4, at::native::CUDAFunctor_add<float>, std::array<char*, 3ul> >(int, at::native::CUDAFunctor_add<float>, std::array<char*, 3ul>)",673,0.0,0.0,2939.024,2939.024
small_train_step_s256,small,256,fp32,operator,aten::einsum,85,8958.819,1914.07,2554.144,0.0
small_train_step_s256,small,256,fp32,operator,aten::copy_,183,3502.228,1772.886,2116.858,2116.858
small_train_step_s256,small,256,fp32,operator,"void at::native::elementwise_kernel<128, 2, at::native::gpu_kernel_impl_nocast<at::native::direct_copy_kernel_cuda(at::TensorIteratorBase&)::{lambda()#3}::operator()() const::{lambda()#7}::operator()() const::{lambda(float)#1}>(at::TensorIteratorBase&, at::native::direct_copy_kernel_cuda(at::TensorIteratorBase&)::{lambda()#3}::operator()() const::{lambda()#7}::operator()() const::{lambda(float)#1} const&)::{lambda(int)#1}>(int, at::native::gpu_kernel_impl_nocast<at::native::direct_copy_kernel_cuda(at::TensorIteratorBase&)::{lambda()#3}::operator()() const::{lambda()#7}::operator()() const::{lambda(float)#1}>(at::TensorIteratorBase&, at::native::direct_copy_kernel_cuda(at::TensorIteratorBase&)::{lambda()#3}::operator()() const::{lambda()#7}::operator()() const::{lambda(float)#1} const&)::{lambda(int)#1})",157,0.0,0.0,2061.593,2061.593
small_train_step_s256,small,256,fp32,operator,autograd::engine::evaluate_function: torch::autograd::AccumulateGrad,111,3935.007,499.162,1916.599,0.0
small_train_step_s256,small,256,fp32,operator,torch::autograd::AccumulateGrad,111,3435.845,703.515,1916.599,0.0
small_train_step_s256,small,256,fp32,operator,aten::add,430,6382.385,3895.387,1711.556,1711.556
small_train_step_s256,small,256,fp32,operator,ampere_sgemm_128x64_tn,37,0.0,0.0,1570.16,1570.16
small_train_step_s256,small,256,fp32,operator,void cutlass::Kernel2<cutlass_80_simt_sgemm_128x256_8x4_nt_align1>(cutlass_80_simt_sgemm_128x256_8x4_nt_align1::Params),36,0.0,0.0,1487.889,1487.889
small_train_step_s256,small,256,fp32,operator,aten::sub_,222,2341.924,1262.305,1376.65,1376.65
small_train_step_s256,small,256,fp32,operator,attention/scores,12,0.0,0.0,1306.895,1306.895
small_train_step_s256,small,256,fp32,operator,attention/softmax,12,0.0,0.0,1268.783,1268.783
small_train_step_s256,small,256,fp32,operator,ampere_sgemm_128x64_nn,36,0.0,0.0,1264.328,1264.328
small_train_step_s256,small,256,fp32,operator,autograd::engine::evaluate_function: MulBackward0,170,8953.687,1976.552,1144.146,0.0
small_train_step_s256,small,256,fp32,operator,aten::div,208,3508.436,2290.865,923.245,923.245
small_train_step_s256,small,256,fp32,operator,ampere_sgemm_64x32_sliced1x4_tn,48,0.0,0.0,918.221,918.221
small_train_step_s256,small,256,fp32,operator,ampere_sgemm_64x32_sliced1x4_nn,48,0.0,0.0,841.001,841.001
small_train_step_s256,small,256,fp32,operator,MulBackward0,170,5022.668,726.372,795.759,0.0
small_train_step_s256,small,256,fp32,operator,ampere_sgemm_128x32_nt,48,0.0,0.0,727.684,727.684
small_train_step_s256,small,256,fp32,kernel,"void at::native::vectorized_elementwise_kernel<4, at::native::AUnaryFunctor<float, float, float, at::native::binary_internal::MulFunctor<float> >, std::array<char*, 2ul> >(int, at::native::AUnaryFunctor<float, float, float, at::native::binary_internal::MulFunctor<float> >, std::array<char*, 2ul>)",716,,,4397.039,
small_train_step_s256,small,256,fp32,kernel,"void at::native::vectorized_elementwise_kernel<4, at::native::CUDAFunctor_add<float>, std::array<char*, 3ul> >(int, at::native::CUDAFunctor_add<float>, std::array<char*, 3ul>)",673,,,2939.024,
small_train_step_s256,small,256,fp32,kernel,"void at::native::elementwise_kernel<128, 2, at::native::gpu_kernel_impl_nocast<at::native::direct_copy_kernel_cuda(at::TensorIteratorBase&)::{lambda()#3}::operator()() const::{lambda()#7}::operator()() const::{lambda(float)#1}>(at::TensorIteratorBase&, at::native::direct_copy_kernel_cuda(at::TensorIteratorBase&)::{lambda()#3}::operator()() const::{lambda()#7}::operator()() const::{lambda(float)#1} const&)::{lambda(int)#1}>(int, at::native::gpu_kernel_impl_nocast<at::native::direct_copy_kernel_cuda(at::TensorIteratorBase&)::{lambda()#3}::operator()() const::{lambda()#7}::operator()() const::{lambda(float)#1}>(at::TensorIteratorBase&, at::native::direct_copy_kernel_cuda(at::TensorIteratorBase&)::{lambda()#3}::operator()() const::{lambda()#7}::operator()() const::{lambda(float)#1} const&)::{lambda(int)#1})",157,,,2061.593,
small_train_step_s256,small,256,fp32,kernel,ampere_sgemm_128x64_tn,37,,,1570.16,
small_train_step_s256,small,256,fp32,kernel,void cutlass::Kernel2<cutlass_80_simt_sgemm_128x256_8x4_nt_align1>(cutlass_80_simt_sgemm_128x256_8x4_nt_align1::Params),36,,,1487.889,
small_train_step_s256,small,256,fp32,kernel,ampere_sgemm_128x64_nn,36,,,1264.328,
small_train_step_s256,small,256,fp32,kernel,ampere_sgemm_64x32_sliced1x4_tn,48,,,918.221,
small_train_step_s256,small,256,fp32,kernel,ampere_sgemm_64x32_sliced1x4_nn,48,,,841.001,
small_train_step_s256,small,256,fp32,kernel,ampere_sgemm_128x32_nt,48,,,727.684,
small_train_step_s256,small,256,fp32,kernel,"void at::native::vectorized_elementwise_kernel<4, at::native::FillFunctor<float>, std::array<char*, 1ul> >(int, at::native::FillFunctor<float>, std::array<char*, 1ul>)",262,,,726.599,
small_train_step_s256,small,256,fp32,kernel,"void at::native::vectorized_elementwise_kernel<4, at::native::BinaryFunctor<float, float, float, at::native::binary_internal::MulFunctor<float> >, std::array<char*, 3ul> >(int, at::native::BinaryFunctor<float, float, float, at::native::binary_internal::MulFunctor<float> >, std::array<char*, 3ul>)",196,,,706.096,
small_train_step_s256,small,256,fp32,kernel,ampere_sgemm_128x128_nn,25,,,672.423,
small_train_step_s256,small,256,fp32,kernel,"void at::native::vectorized_elementwise_kernel<4, at::native::BinaryFunctor<float, float, float, at::native::binary_internal::DivFunctor<float> >, std::array<char*, 3ul> >(int, at::native::BinaryFunctor<float, float, float, at::native::binary_internal::DivFunctor<float> >, std::array<char*, 3ul>)",111,,,600.578,
small_train_step_s256,small,256,fp32,kernel,"void at::native::elementwise_kernel<128, 2, at::native::gpu_kernel_impl_nocast<at::native::BinaryFunctor<float, float, float, at::native::binary_internal::MulFunctor<float> > >(at::TensorIteratorBase&, at::native::BinaryFunctor<float, float, float, at::native::binary_internal::MulFunctor<float> > const&)::{lambda(int)#1}>(int, at::native::gpu_kernel_impl_nocast<at::native::BinaryFunctor<float, float, float, at::native::binary_internal::MulFunctor<float> > >(at::TensorIteratorBase&, at::native::BinaryFunctor<float, float, float, at::native::binary_internal::MulFunctor<float> > const&)::{lambda(int)#1})",292,,,588.707,
small_train_step_s256,small,256,fp32,kernel,ampere_sgemm_128x128_nt,24,,,560.965,
small_train_step_s256,small,256,fp32,kernel,"void at::native::vectorized_elementwise_kernel<4, at::native::(anonymous namespace)::pow_tensor_scalar_kernel_impl<float, float>(at::TensorIteratorBase&, float)::{lambda(float)#1}, std::array<char*, 2ul> >(int, at::native::(anonymous namespace)::pow_tensor_scalar_kernel_impl<float, float>(at::TensorIteratorBase&, float)::{lambda(float)#1}, std::array<char*, 2ul>)",136,,,509.409,
small_train_step_s256,small,256,fp32,kernel,"void at::native::vectorized_elementwise_kernel<4, at::native::sqrt_kernel_cuda(at::TensorIteratorBase&)::{lambda()#2}::operator()() const::{lambda()#2}::operator()() const::{lambda(float)#1}, std::array<char*, 2ul> >(int, at::native::sqrt_kernel_cuda(at::TensorIteratorBase&)::{lambda()#2}::operator()() const::{lambda()#2}::operator()() const::{lambda(float)#1}, std::array<char*, 2ul>)",111,,,481.477,
small_train_step_s256,small,256,fp32,kernel,"void at::native::vectorized_elementwise_kernel<4, at::native::CUDAFunctorOnSelf_add<float>, std::array<char*, 2ul> >(int, at::native::CUDAFunctorOnSelf_add<float>, std::array<char*, 2ul>)",136,,,432.352,
small_train_step_s256,small,256,fp32,kernel,ampere_sgemm_128x128_tn,24,,,222.849,
small_train_step_s256,small,256,fp32,kernel,"void at::native::elementwise_kernel<128, 2, at::native::gpu_kernel_impl_nocast<at::native::BinaryFunctor<float, float, float, at::native::binary_internal::DivFunctor<float> > >(at::TensorIteratorBase&, at::native::BinaryFunctor<float, float, float, at::native::binary_internal::DivFunctor<float> > const&)::{lambda(int)#1}>(int, at::native::gpu_kernel_impl_nocast<at::native::BinaryFunctor<float, float, float, at::native::binary_internal::DivFunctor<float> > >(at::TensorIteratorBase&, at::native::BinaryFunctor<float, float, float, at::native::binary_internal::DivFunctor<float> > const&)::{lambda(int)#1})",48,,,213.479,
small_train_step_s256,small,256,fp32,kernel,"void at::native::reduce_kernel<512, 1, at::native::ReduceOp<float, at::native::func_wrapper_t<float, at::native::sum_functor<float, float, float>::operator()(at::TensorIterator&)::{lambda(float, float)#1}>, unsigned int, float, 4, 4> >(at::native::ReduceOp<float, at::native::func_wrapper_t<float, at::native::sum_functor<float, float, float>::operator()(at::TensorIterator&)::{lambda(float, float)#1}>, unsigned int, float, 4, 4>)",61,,,191.139,
small_train_step_s256,small,256,fp32,kernel,"void cublasLt::splitKreduce_kernel<32, 16, int, float, float, float, false, float, float, float, true, false, false>(cublasLt::cublasSplitKParams<float>, float const*, float const*, float*, float*, float const*, float const*, float const*, float const*, float*, void*, long, float*, int*, float*, float const*, float const*, float const*, float const*)",37,,,168.162,
small_train_step_s256,small,256,fp32,kernel,"void at::native::reduce_kernel<128, 4, at::native::ReduceOp<float, at::native::func_wrapper_t<float, at::native::sum_functor<float, float, float>::operator()(at::TensorIterator&)::{lambda(float, float)#1}>, unsigned int, float, 4, 4> >(at::native::ReduceOp<float, at::native::func_wrapper_t<float, at::native::sum_functor<float, float, float>::operator()(at::TensorIterator&)::{lambda(float, float)#1}>, unsigned int, float, 4, 4>)",25,,,152.996,
small_train_step_s256,small,256,fp32,kernel,"void at::native::(anonymous namespace)::CatArrayBatchedCopy<at::native::(anonymous namespace)::OpaqueType<4u>, unsigned int, 4, 64, 64>(at::native::(anonymous namespace)::OpaqueType<4u>*, at::native::(anonymous namespace)::CatArrInputTensorMetadata<at::native::(anonymous namespace)::OpaqueType<4u>, unsigned int, 64, 64>, at::native::(anonymous namespace)::TensorSizeStride<unsigned int, 4u>, int, unsigned int)",36,,,110.435,
small_train_step_s256,small,256,fp32,kernel,ampere_sgemm_128x64_nt,1,,,99.425,
small_train_step_s256,small,256,fp32,kernel,"void at::native::elementwise_kernel<128, 2, at::native::gpu_kernel_impl_nocast<at::native::(anonymous namespace)::where_kernel_impl(at::TensorIterator&)::{lambda()#1}::operator()() const::{lambda()#11}::operator()() const::{lambda(bool, float, float)#1}>(at::TensorIteratorBase&, at::native::(anonymous namespace)::where_kernel_impl(at::TensorIterator&)::{lambda()#1}::operator()() const::{lambda()#11}::operator()() const::{lambda(bool, float, float)#1} const&)::{lambda(int)#1}>(int, at::native::gpu_kernel_impl_nocast<at::native::(anonymous namespace)::where_kernel_impl(at::TensorIterator&)::{lambda()#1}::operator()() const::{lambda()#11}::operator()() const::{lambda(bool, float, float)#1}>(at::TensorIteratorBase&, at::native::(anonymous namespace)::where_kernel_impl(at::TensorIterator&)::{lambda()#1}::operator()() const::{lambda()#11}::operator()() const::{lambda(bool, float, float)#1} const&)::{lambda(int)#1})",24,,,92.546,
small_train_step_s256,small,256,fp32,kernel,"void at::native::elementwise_kernel<128, 2, at::native::gpu_kernel_impl_nocast<at::native::CUDAFunctor_add<float> >(at::TensorIteratorBase&, at::native::CUDAFunctor_add<float> const&)::{lambda(int)#1}>(int, at::native::gpu_kernel_impl_nocast<at::native::CUDAFunctor_add<float> >(at::TensorIteratorBase&, at::native::CUDAFunctor_add<float> const&)::{lambda(int)#1})",24,,,81.664,
small_train_step_s256,small,256,fp32,kernel,"void at::native::reduce_kernel<512, 1, at::native::ReduceOp<float, at::native::MeanOps<float, float, float, float>, unsigned int, float, 4, 4> >(at::native::ReduceOp<float, at::native::MeanOps<float, float, float, float>, unsigned int, float, 4, 4>)",25,,,73.055,
small_train_step_s256,small,256,fp32,kernel,"void at::native::vectorized_elementwise_kernel<4, at::native::neg_kernel_cuda(at::TensorIteratorBase&)::{lambda()#2}::operator()() const::{lambda()#7}::operator()() const::{lambda(float)#1}, std::array<char*, 2ul> >(int, at::native::neg_kernel_cuda(at::TensorIteratorBase&)::{lambda()#2}::operator()() const::{lambda()#7}::operator()() const::{lambda(float)#1}, std::array<char*, 2ul>)",24,,,67.742,
small_train_step_s256,small,256,fp32,kernel,"void at::native::_scatter_gather_elementwise_kernel<128, 8, at::native::_cuda_scatter_gather_internal_kernel<true, at::native::OpaqueType<4> >::operator()<at::native::TensorAssign>(at::TensorIterator&, long, long, long, at::native::TensorAssign const&)::{lambda(int)#1}>(int, at::native::_cuda_scatter_gather_internal_kernel<true, at::native::OpaqueType<4> >::operator()<at::native::TensorAssign>(at::TensorIterator&, long, long, long, at::native::TensorAssign const&)::{lambda(int)#1})",12,,,65.089,
small_train_step_s256,small,256,fp32,range,profile/measure,1,141163.155,,,
small_train_step_s256,small,256,fp32,range,backward,2,69989.062,,,
small_train_step_s256,small,256,fp32,range,forward,2,65270.846,,,
small_train_step_s256,small,256,fp32,range,optimizer,1,36933.286,,,
small_train_step_s256,small,256,fp32,range,attention/scores,24,4201.071,,,
small_train_step_s256,small,256,fp32,range,attention/softmax,24,3416.135,,,
small_train_step_s256,small,256,fp32,range,profile/warmup,1,2343.258,,,
small_train_step_s256,small,256,fp32,range,attention/value,24,1659.395,,,
small_train_step_s256,small,256,fp32,range,optimizer/zero_grad,1,354.985,,,
small_train_step_s512,small,512,fp32,operator,Optimizer.step#AdamW.step,1,0.0,0.0,37348.207,37348.207
small_train_step_s512,small,512,fp32,operator,forward,1,0.0,0.0,32650.781,32650.781
small_train_step_s512,small,512,fp32,operator,profile/measure,1,141638.303,625.259,16693.821,0.0
small_train_step_s512,small,512,fp32,operator,aten::bmm,327,11296.801,7503.906,16244.121,16244.121
small_train_step_s512,small,512,fp32,operator,autograd::engine::evaluate_function: BmmBackward0,109,10473.453,1103.797,10728.983,0.0
small_train_step_s512,small,512,fp32,operator,BmmBackward0,109,9369.656,1065.559,10728.983,0.0
small_train_step_s512,small,512,fp32,operator,optimizer,1,36990.607,47.785,9365.861,0.0
small_train_step_s512,small,512,fp32,operator,Optimizer.step#AdamW.step,1,36942.822,10728.39,9365.861,0.0
small_train_step_s512,small,512,fp32,operator,forward,1,32764.8,7397.305,7298.392,0.0
small_train_step_s512,small,512,fp32,operator,aten::mul,1205,18654.584,11843.905,6484.771,6484.771
small_train_step_s512,small,512,fp32,operator,aten::einsum,85,9273.207,1974.646,4777.241,0.0
small_train_step_s512,small,512,fp32,operator,"void at::native::vectorized_elementwise_kernel<4, at::native::AUnaryFunctor<float, float, float, at::native::binary_internal::MulFunctor<float> >, std::array<char*, 2ul> >(int, at::native::AUnaryFunctor<float, float, float, at::native::binary_internal::MulFunctor<float> >, std::array<char*, 2ul>)",716,0.0,0.0,4357.859,4357.859
small_train_step_s512,small,512,fp32,operator,ampere_sgemm_64x64_nn,73,0.0,0.0,4030.087,4030.087
small_train_step_s512,small,512,fp32,operator,"void at::native::vectorized_elementwise_kernel<4, at::native::CUDAFunctor_add<float>, std::array<char*, 3ul> >(int, at::native::CUDAFunctor_add<float>, std::array<char*, 3ul>)",673,0.0,0.0,3164.626,3164.626
small_train_step_s512,small,512,fp32,operator,void cutlass::Kernel2<cutlass_80_simt_sgemm_128x256_8x4_nt_align1>(cutlass_80_simt_sgemm_128x256_8x4_nt_align1::Params),37,0.0,0.0,2849.885,2849.885
small_train_step_s512,small,512,fp32,operator,ampere_sgemm_64x64_tn,60,0.0,0.0,2786.209,2786.209
small_train_step_s512,small,512,fp32,operator,aten::copy_,183,3555.225,1811.788,2150.747,2150.747
small_train_step_s512,small,512,fp32,operator,"void at::native::elementwise_kernel<128, 2, at::native::gpu_kernel_impl_nocast<at::native::direct_copy_kernel_cuda(at::TensorIteratorBase&)::{lambda()#3}::operator()() const::{lambda()#7}::operator()() const::{lambda(float)#1}>(at::TensorIteratorBase&, at::native::direct_copy_kernel_cuda(at::TensorIteratorBase&)::{lambda()#3}::operator()() const::{lambda()#7}::operator()() const::{lambda(float)#1} const&)::{lambda(int)#1}>(int, at::native::gpu_kernel_impl_nocast<at::native::direct_copy_kernel_cuda(at::TensorIteratorBase&)::{lambda()#3}::operator()() const::{lambda()#7}::operator()() const::{lambda(float)#1}>(at::TensorIteratorBase&, at::native::direct_copy_kernel_cuda(at::TensorIteratorBase&)::{lambda()#3}::operator()() const::{lambda()#7}::operator()() const::{lambda(float)#1} const&)::{lambda(int)#1})",157,0.0,0.0,2083.099,2083.099
small_train_step_s512,small,512,fp32,operator,ampere_sgemm_128x64_tn,25,0.0,0.0,1967.8,1967.8
small_train_step_s512,small,512,fp32,operator,autograd::engine::evaluate_function: torch::autograd::AccumulateGrad,111,4061.669,504.542,1885.817,0.0
small_train_step_s512,small,512,fp32,operator,torch::autograd::AccumulateGrad,111,3557.127,719.491,1885.817,0.0
small_train_step_s512,small,512,fp32,operator,aten::add,430,6186.074,3934.859,1820.098,1820.098
small_train_step_s512,small,512,fp32,operator,autograd::engine::evaluate_function: MulBackward0,170,8930.753,1986.62,1714.369,0.0
small_train_step_s512,small,512,fp32,operator,aten::div,208,3489.608,2295.669,1546.738,1546.738
small_train_step_s512,small,512,fp32,operator,attention/softmax,12,0.0,0.0,1386.67,1386.67
small_train_step_s512,small,512,fp32,operator,"void at::native::vectorized_elementwise_kernel<4, at::native::BinaryFunctor<float, float, float, at::native::binary_internal::MulFunctor<float> >, std::array<char*, 3ul> >(int, at::native::BinaryFunctor<float, float, float, at::native::binary_internal::MulFunctor<float> >, std::array<char*, 3ul>)",196,0.0,0.0,1377.555,1377.555
small_train_step_s512,small,512,fp32,operator,attention/scores,12,0.0,0.0,1366.511,1366.511
small_train_step_s512,small,512,fp32,operator,aten::sub_,222,2314.054,1253.957,1325.009,1325.009
small_train_step_s512,small,512,fp32,operator,MulBackward0,170,4994.395,745.221,1265.239,0.0
small_train_step_s512,small,512,fp32,operator,ampere_sgemm_128x32_nt,48,0.0,0.0,1205.685,1205.685
small_train_step_s512,small,512,fp32,kernel,"void at::native::vectorized_elementwise_kernel<4, at::native::AUnaryFunctor<float, float, float, at::native::binary_internal::MulFunctor<float> >, std::array<char*, 2ul> >(int, at::native::AUnaryFunctor<float, float, float, at::native::binary_internal::MulFunctor<float> >, std::array<char*, 2ul>)",716,,,4357.859,
small_train_step_s512,small,512,fp32,kernel,ampere_sgemm_64x64_nn,73,,,4030.087,
small_train_step_s512,small,512,fp32,kernel,"void at::native::vectorized_elementwise_kernel<4, at::native::CUDAFunctor_add<float>, std::array<char*, 3ul> >(int, at::native::CUDAFunctor_add<float>, std::array<char*, 3ul>)",673,,,3164.626,
small_train_step_s512,small,512,fp32,kernel,void cutlass::Kernel2<cutlass_80_simt_sgemm_128x256_8x4_nt_align1>(cutlass_80_simt_sgemm_128x256_8x4_nt_align1::Params),37,,,2849.885,
small_train_step_s512,small,512,fp32,kernel,ampere_sgemm_64x64_tn,60,,,2786.209,
small_train_step_s512,small,512,fp32,kernel,"void at::native::elementwise_kernel<128, 2, at::native::gpu_kernel_impl_nocast<at::native::direct_copy_kernel_cuda(at::TensorIteratorBase&)::{lambda()#3}::operator()() const::{lambda()#7}::operator()() const::{lambda(float)#1}>(at::TensorIteratorBase&, at::native::direct_copy_kernel_cuda(at::TensorIteratorBase&)::{lambda()#3}::operator()() const::{lambda()#7}::operator()() const::{lambda(float)#1} const&)::{lambda(int)#1}>(int, at::native::gpu_kernel_impl_nocast<at::native::direct_copy_kernel_cuda(at::TensorIteratorBase&)::{lambda()#3}::operator()() const::{lambda()#7}::operator()() const::{lambda(float)#1}>(at::TensorIteratorBase&, at::native::direct_copy_kernel_cuda(at::TensorIteratorBase&)::{lambda()#3}::operator()() const::{lambda()#7}::operator()() const::{lambda(float)#1} const&)::{lambda(int)#1})",157,,,2083.099,
small_train_step_s512,small,512,fp32,kernel,ampere_sgemm_128x64_tn,25,,,1967.8,
small_train_step_s512,small,512,fp32,kernel,"void at::native::vectorized_elementwise_kernel<4, at::native::BinaryFunctor<float, float, float, at::native::binary_internal::MulFunctor<float> >, std::array<char*, 3ul> >(int, at::native::BinaryFunctor<float, float, float, at::native::binary_internal::MulFunctor<float> >, std::array<char*, 3ul>)",196,,,1377.555,
small_train_step_s512,small,512,fp32,kernel,ampere_sgemm_128x32_nt,48,,,1205.685,
small_train_step_s512,small,512,fp32,kernel,ampere_sgemm_128x128_nn,24,,,1085.035,
small_train_step_s512,small,512,fp32,kernel,ampere_sgemm_128x128_nt,24,,,1049.033,
small_train_step_s512,small,512,fp32,kernel,ampere_sgemm_128x64_nn,12,,,791.274,
small_train_step_s512,small,512,fp32,kernel,"void at::native::vectorized_elementwise_kernel<4, at::native::FillFunctor<float>, std::array<char*, 1ul> >(int, at::native::FillFunctor<float>, std::array<char*, 1ul>)",262,,,776.106,
small_train_step_s512,small,512,fp32,kernel,"void at::native::elementwise_kernel<128, 2, at::native::gpu_kernel_impl_nocast<at::native::BinaryFunctor<float, float, float, at::native::binary_internal::MulFunctor<float> > >(at::TensorIteratorBase&, at::native::BinaryFunctor<float, float, float, at::native::binary_internal::MulFunctor<float> > const&)::{lambda(int)#1}>(int, at::native::gpu_kernel_impl_nocast<at::native::BinaryFunctor<float, float, float, at::native::binary_internal::MulFunctor<float> > >(at::TensorIteratorBase&, at::native::BinaryFunctor<float, float, float, at::native::binary_internal::MulFunctor<float> > const&)::{lambda(int)#1})",292,,,748.173,
small_train_step_s512,small,512,fp32,kernel,"void at::native::elementwise_kernel<128, 2, at::native::gpu_kernel_impl_nocast<at::native::BinaryFunctor<float, float, float, at::native::binary_internal::DivFunctor<float> > >(at::TensorIteratorBase&, at::native::BinaryFunctor<float, float, float, at::native::binary_internal::DivFunctor<float> > const&)::{lambda(int)#1}>(int, at::native::gpu_kernel_impl_nocast<at::native::BinaryFunctor<float, float, float, at::native::binary_internal::DivFunctor<float> > >(at::TensorIteratorBase&, at::native::BinaryFunctor<float, float, float, at::native::binary_internal::DivFunctor<float> > const&)::{lambda(int)#1})",48,,,658.858,
small_train_step_s512,small,512,fp32,kernel,"void at::native::vectorized_elementwise_kernel<4, at::native::BinaryFunctor<float, float, float, at::native::binary_internal::DivFunctor<float> >, std::array<char*, 3ul> >(int, at::native::BinaryFunctor<float, float, float, at::native::binary_internal::DivFunctor<float> >, std::array<char*, 3ul>)",111,,,597.697,
small_train_step_s512,small,512,fp32,kernel,"void at::native::vectorized_elementwise_kernel<4, at::native::(anonymous namespace)::pow_tensor_scalar_kernel_impl<float, float>(at::TensorIteratorBase&, float)::{lambda(float)#1}, std::array<char*, 2ul> >(int, at::native::(anonymous namespace)::pow_tensor_scalar_kernel_impl<float, float>(at::TensorIteratorBase&, float)::{lambda(float)#1}, std::array<char*, 2ul>)",136,,,518.694,
small_train_step_s512,small,512,fp32,kernel,"void at::native::vectorized_elementwise_kernel<4, at::native::sqrt_kernel_cuda(at::TensorIteratorBase&)::{lambda()#2}::operator()() const::{lambda()#2}::operator()() const::{lambda(float)#1}, std::array<char*, 2ul> >(int, at::native::sqrt_kernel_cuda(at::TensorIteratorBase&)::{lambda()#2}::operator()() const::{lambda()#2}::operator()() const::{lambda(float)#1}, std::array<char*, 2ul>)",111,,,479.206,
small_train_step_s512,small,512,fp32,kernel,"void at::native::vectorized_elementwise_kernel<4, at::native::CUDAFunctorOnSelf_add<float>, std::array<char*, 2ul> >(int, at::native::CUDAFunctorOnSelf_add<float>, std::array<char*, 2ul>)",136,,,434.955,
small_train_step_s512,small,512,fp32,kernel,ampere_sgemm_128x128_tn,24,,,399.174,
small_train_step_s512,small,512,fp32,kernel,"void at::native::vectorized_elementwise_kernel<4, at::native::neg_kernel_cuda(at::TensorIteratorBase&)::{lambda()#2}::operator()() const::{lambda()#7}::operator()() const::{lambda(float)#1}, std::array<char*, 2ul> >(int, at::native::neg_kernel_cuda(at::TensorIteratorBase&)::{lambda()#2}::operator()() const::{lambda()#7}::operator()() const::{lambda(float)#1}, std::array<char*, 2ul>)",24,,,367.556,
small_train_step_s512,small,512,fp32,kernel,"void at::native::reduce_kernel<512, 1, at::native::ReduceOp<float, at::native::func_wrapper_t<float, at::native::sum_functor<float, float, float>::operator()(at::TensorIterator&)::{lambda(float, float)#1}>, unsigned int, float, 4, 4> >(at::native::ReduceOp<float, at::native::func_wrapper_t<float, at::native::sum_functor<float, float, float>::operator()(at::TensorIterator&)::{lambda(float, float)#1}>, unsigned int, float, 4, 4>)",61,,,276.353,
small_train_step_s512,small,512,fp32,kernel,"void at::native::vectorized_elementwise_kernel<4, at::native::BUnaryFunctor<float, float, float, at::native::binary_internal::MulFunctor<float> >, std::array<char*, 2ul> >(int, at::native::BUnaryFunctor<float, float, float, at::native::binary_internal::MulFunctor<float> >, std::array<char*, 2ul>)",24,,,234.307,
small_train_step_s512,small,512,fp32,kernel,"void at::native::elementwise_kernel<128, 2, at::native::gpu_kernel_impl_nocast<at::native::(anonymous namespace)::where_kernel_impl(at::TensorIterator&)::{lambda()#1}::operator()() const::{lambda()#11}::operator()() const::{lambda(bool, float, float)#1}>(at::TensorIteratorBase&, at::native::(anonymous namespace)::where_kernel_impl(at::TensorIterator&)::{lambda()#1}::operator()() const::{lambda()#11}::operator()() const::{lambda(bool, float, float)#1} const&)::{lambda(int)#1}>(int, at::native::gpu_kernel_impl_nocast<at::native::(anonymous namespace)::where_kernel_impl(at::TensorIterator&)::{lambda()#1}::operator()() const::{lambda()#11}::operator()() const::{lambda(bool, float, float)#1}>(at::TensorIteratorBase&, at::native::(anonymous namespace)::where_kernel_impl(at::TensorIterator&)::{lambda()#1}::operator()() const::{lambda()#11}::operator()() const::{lambda(bool, float, float)#1} const&)::{lambda(int)#1})",24,,,227.077,
small_train_step_s512,small,512,fp32,kernel,"void at::native::reduce_kernel<128, 4, at::native::ReduceOp<float, at::native::func_wrapper_t<float, at::native::sum_functor<float, float, float>::operator()(at::TensorIterator&)::{lambda(float, float)#1}>, unsigned int, float, 4, 4> >(at::native::ReduceOp<float, at::native::func_wrapper_t<float, at::native::sum_functor<float, float, float>::operator()(at::TensorIterator&)::{lambda(float, float)#1}>, unsigned int, float, 4, 4>)",25,,,220.87,
small_train_step_s512,small,512,fp32,kernel,"void at::native::elementwise_kernel<128, 2, at::native::gpu_kernel_impl_nocast<at::native::CUDAFunctor_add<float> >(at::TensorIteratorBase&, at::native::CUDAFunctor_add<float> const&)::{lambda(int)#1}>(int, at::native::gpu_kernel_impl_nocast<at::native::CUDAFunctor_add<float> >(at::TensorIteratorBase&, at::native::CUDAFunctor_add<float> const&)::{lambda(int)#1})",24,,,199.362,
small_train_step_s512,small,512,fp32,kernel,"void at::native::(anonymous namespace)::CatArrayBatchedCopy<at::native::(anonymous namespace)::OpaqueType<4u>, unsigned int, 4, 64, 64>(at::native::(anonymous namespace)::OpaqueType<4u>*, at::native::(anonymous namespace)::CatArrInputTensorMetadata<at::native::(anonymous namespace)::OpaqueType<4u>, unsigned int, 64, 64>, at::native::(anonymous namespace)::TensorSizeStride<unsigned int, 4u>, int, unsigned int)",36,,,147.775,
small_train_step_s512,small,512,fp32,kernel,"void at::native::vectorized_elementwise_kernel<4, at::native::exp_kernel_cuda(at::TensorIteratorBase&)::{lambda()#2}::operator()() const::{lambda()#2}::operator()() const::{lambda(float)#1}, std::array<char*, 2ul> >(int, at::native::exp_kernel_cuda(at::TensorIteratorBase&)::{lambda()#2}::operator()() const::{lambda()#2}::operator()() const::{lambda(float)#1}, std::array<char*, 2ul>)",12,,,96.865,
small_train_step_s512,small,512,fp32,kernel,"void at::native::reduce_kernel<512, 1, at::native::ReduceOp<float, at::native::MaxOps<float>, unsigned int, float, 4, 4> >(at::native::ReduceOp<float, at::native::MaxOps<float>, unsigned int, float, 4, 4>)",12,,,86.369,
small_train_step_s512,small,512,fp32,kernel,"void at::native::reduce_kernel<512, 1, at::native::ReduceOp<float, at::native::MeanOps<float, float, float, float>, unsigned int, float, 4, 4> >(at::native::ReduceOp<float, at::native::MeanOps<float, float, float, float>, unsigned int, float, 4, 4>)",25,,,75.199,
small_train_step_s512,small,512,fp32,range,profile/measure,1,141638.303,,,
small_train_step_s512,small,512,fp32,range,backward,2,70788.764,,,
small_train_step_s512,small,512,fp32,range,forward,2,65415.583,,,
small_train_step_s512,small,512,fp32,range,optimizer,1,36990.607,,,
small_train_step_s512,small,512,fp32,range,attention/scores,24,4262.025,,,
small_train_step_s512,small,512,fp32,range,attention/softmax,24,3570.503,,,
small_train_step_s512,small,512,fp32,range,profile/warmup,1,2466.152,,,
small_train_step_s512,small,512,fp32,range,attention/value,24,1897.782,,,
small_train_step_s512,small,512,fp32,range,optimizer/zero_grad,1,314.644,,,
