source,status,model_size,context_length,dtype,tool,event_count,peak_allocated_mib,peak_reserved_mib,trace_output,table_output,stage,name,calls,cpu_total_us,cpu_self_us,cuda_total_us,cuda_self_us,cpu_memory_bytes,cuda_memory_bytes
medium_ctx1024.json,complete,medium,1024,fp32,torch.profiler,244,35779.9423828125,37180.0,medium_ctx1024.json.trace,medium_ctx1024.operators.csv,profile/warmup,profile/warmup,1,65.44099999999997,65.44099999999997,0.0,0.0,0,0
medium_ctx1024.json,complete,medium,1024,fp32,torch.profiler,244,35779.9423828125,37180.0,medium_ctx1024.json.trace,medium_ctx1024.operators.csv,profile/measure,profile/measure,1,904611.795,1796.4620000000577,373947.25,0.0,0,0
medium_ctx1024.json,complete,medium,1024,fp32,torch.profiler,244,35779.9423828125,37180.0,medium_ctx1024.json.trace,medium_ctx1024.operators.csv,zero_grad,zero_grad,1,706.489,86.21899999999994,0.0,0.0,0,0
medium_ctx1024.json,complete,medium,1024,fp32,torch.profiler,244,35779.9423828125,37180.0,medium_ctx1024.json.trace,medium_ctx1024.operators.csv,forward,forward,1,358928.677,14730.188999999082,348616.91600000043,0.0,192,0
medium_ctx1024.json,complete,medium,1024,fp32,torch.profiler,244,35779.9423828125,37180.0,medium_ctx1024.json.trace,medium_ctx1024.operators.csv,forward,forward,1,0.0,0.0,370358.15,370358.15,0,0
medium_ctx1024.json,complete,medium,1024,fp32,torch.profiler,244,35779.9423828125,37180.0,medium_ctx1024.json.trace,medium_ctx1024.operators.csv,attention/scores,attention/scores,24,4549.70999999998,1882.3720000000858,21675.20400000006,0.0,192,0
medium_ctx1024.json,complete,medium,1024,fp32,torch.profiler,244,35779.9423828125,37180.0,medium_ctx1024.json.trace,medium_ctx1024.operators.csv,attention/scores,attention/scores,24,0.0,0.0,21690.723999999926,21690.723999999926,0,0
medium_ctx1024.json,complete,medium,1024,fp32,torch.profiler,244,35779.9423828125,37180.0,medium_ctx1024.json.trace,medium_ctx1024.operators.csv,attention/softmax,attention/softmax,24,17105.913999999982,3653.0160000002325,180047.2230000003,0.0,0,0
medium_ctx1024.json,complete,medium,1024,fp32,torch.profiler,244,35779.9423828125,37180.0,medium_ctx1024.json.trace,medium_ctx1024.operators.csv,attention/value,attention/value,24,3518.208000000097,882.1100000000397,10755.40600000006,0.0,0,0
medium_ctx1024.json,complete,medium,1024,fp32,torch.profiler,244,35779.9423828125,37180.0,medium_ctx1024.json.trace,medium_ctx1024.operators.csv,attention/softmax,attention/softmax,24,0.0,0.0,180451.49199999982,180451.49199999982,0,0
medium_ctx1024.json,complete,medium,1024,fp32,torch.profiler,244,35779.9423828125,37180.0,medium_ctx1024.json.trace,medium_ctx1024.operators.csv,attention/value,attention/value,24,0.0,0.0,10771.022999999965,10771.022999999965,0,0
medium_ctx1024.json,complete,medium,1024,fp32,torch.profiler,244,35779.9423828125,37180.0,medium_ctx1024.json.trace,medium_ctx1024.operators.csv,loss,loss,1,363.67700000002515,131.71500000014203,1114.6389999999083,0.0,0,0
medium_ctx1024.json,complete,medium,1024,fp32,torch.profiler,244,35779.9423828125,37180.0,medium_ctx1024.json.trace,medium_ctx1024.operators.csv,backward,backward,1,374265.48199999996,102072.71799999924,0.864000000001397,0.0,-192,0
medium_ctx1024.json,complete,medium,1024,fp32,torch.profiler,244,35779.9423828125,37180.0,medium_ctx1024.json.trace,medium_ctx1024.operators.csv,loss,loss,1,0.0,0.0,1119.2789999999804,1119.2789999999804,0,0
medium_ctx1024.json,complete,medium,1024,fp32,torch.profiler,244,35779.9423828125,37180.0,medium_ctx1024.json.trace,medium_ctx1024.operators.csv,backward,backward,1,0.0,0.0,0.864000000001397,0.864000000001397,0,0
medium_ctx1024.json,complete,medium,1024,fp32,torch.profiler,244,35779.9423828125,37180.0,medium_ctx1024.json.trace,medium_ctx1024.operators.csv,optimizer,optimizer,1,168534.53099999996,240.41499999992084,24214.830999999656,0.0,0,0
medium_ctx1024.json,complete,medium,1024,fp32,torch.profiler,244,35779.9423828125,37180.0,medium_ctx1024.json.trace,medium_ctx1024.operators.csv,operator,Command Buffer Full,1147,416368.27500000264,416368.27500000264,5443.501999998698,5443.501999998698,0,0
medium_ctx1024.json,complete,medium,1024,fp32,torch.profiler,244,35779.9423828125,37180.0,medium_ctx1024.json.trace,medium_ctx1024.operators.csv,operator,cudaLaunchKernel,6266,330751.0150000024,186551.3180000005,5443.501999998698,0.0,0,0
medium_ctx1024.json,complete,medium,1024,fp32,torch.profiler,244,35779.9423828125,37180.0,medium_ctx1024.json.trace,medium_ctx1024.operators.csv,operator,aten::item,96,280010.69800000003,184.34500000010212,88.5719999999701,0.0,0,0
medium_ctx1024.json,complete,medium,1024,fp32,torch.profiler,244,35779.9423828125,37180.0,medium_ctx1024.json.trace,medium_ctx1024.operators.csv,operator,aten::_local_scalar_dense,96,279826.353,556.5880000000234,88.5719999999701,88.5719999999701,0,0
medium_ctx1024.json,complete,medium,1024,fp32,torch.profiler,244,35779.9423828125,37180.0,medium_ctx1024.json.trace,medium_ctx1024.operators.csv,operator,cudaStreamSynchronize,96,278471.08,278471.08,0.0,0.0,0,0
medium_ctx1024.json,complete,medium,1024,fp32,torch.profiler,244,35779.9423828125,37180.0,medium_ctx1024.json.trace,medium_ctx1024.operators.csv,operator,aten::mm,507,131973.51699999892,8934.949000000035,218895.85400000025,218895.85400000025,0,0
medium_ctx1024.json,complete,medium,1024,fp32,torch.profiler,244,35779.9423828125,37180.0,medium_ctx1024.json.trace,medium_ctx1024.operators.csv,operator,Optimizer.step#AdamW.step,1,168294.11600000004,7116.505999997375,24214.830999999656,0.0,0,0
medium_ctx1024.json,complete,medium,1024,fp32,torch.profiler,244,35779.9423828125,37180.0,medium_ctx1024.json.trace,medium_ctx1024.operators.csv,operator,autograd::engine::evaluate_function: MmBackward0,169,132823.84299999964,1669.5019999994547,132385.02100000036,0.0,0,0
medium_ctx1024.json,complete,medium,1024,fp32,torch.profiler,244,35779.9423828125,37180.0,medium_ctx1024.json.trace,medium_ctx1024.operators.csv,operator,MmBackward0,169,131154.3410000002,1558.8430000017397,132385.02100000036,0.0,0,0
medium_ctx1024.json,complete,medium,1024,fp32,torch.profiler,244,35779.9423828125,37180.0,medium_ctx1024.json.trace,medium_ctx1024.operators.csv,operator,aten::where,360,10500.985000000266,3104.5899999997937,130889.38100000148,89828.95700000078,0,0
medium_ctx1024.json,complete,medium,1024,fp32,torch.profiler,244,35779.9423828125,37180.0,medium_ctx1024.json.trace,medium_ctx1024.operators.csv,operator,autograd::engine::evaluate_function: DivBackward0,97,64750.902999999584,1148.4810000004945,105957.82500000024,0.0,-192,0
medium_ctx1024.json,complete,medium,1024,fp32,torch.profiler,244,35779.9423828125,37180.0,medium_ctx1024.json.trace,medium_ctx1024.operators.csv,operator,aten::matmul,217,11733.346999999998,1491.028000000234,104991.26799999998,0.0,0,0
medium_ctx1024.json,complete,medium,1024,fp32,torch.profiler,244,35779.9423828125,37180.0,medium_ctx1024.json.trace,medium_ctx1024.operators.csv,operator,aten::div,488,54805.79700000058,7566.948999998851,101292.1520000012,101292.1520000012,0,0
medium_ctx1024.json,complete,medium,1024,fp32,torch.profiler,244,35779.9423828125,37180.0,medium_ctx1024.json.trace,medium_ctx1024.operators.csv,operator,DivBackward0,97,43979.9969999998,959.6419999995269,96095.28700000083,0.0,0,0
medium_ctx1024.json,complete,medium,1024,fp32,torch.profiler,244,35779.9423828125,37180.0,medium_ctx1024.json.trace,medium_ctx1024.operators.csv,operator,aten::mul,969,48628.655,8468.373999999698,91167.58700000195,91167.58700000195,0,0
medium_ctx1024.json,complete,medium,1024,fp32,torch.profiler,244,35779.9423828125,37180.0,medium_ctx1024.json.trace,medium_ctx1024.operators.csv,operator,"void at::native::elementwise_kernel<128, 2, at::native::gpu_kernel_impl_nocast<at::native::(anonymous namespace)::where_kernel_impl(at::TensorIterator&)::{lambda()#1}::operator()() const::{lambda()#11}::operator()() const::{lambda(bool, float, float)#1}>(at::TensorIteratorBase&, at::native::(anonymous namespace)::where_kernel_impl(at::TensorIterator&)::{lambda()#1}::operator()() const::{lambda()#11}::operator()() const::{lambda(bool, float, float)#1} const&)::{lambda(int)#1}>(int, at::native::gpu_kernel_impl_nocast<at::native::(anonymous namespace)::where_kernel_impl(at::TensorIterator&)::{lambda()#1}::operator()() const::{lambda()#11}::operator()() const::{lambda(bool, float, float)#1}>(at::TensorIteratorBase&, at::native::(anonymous namespace)::where_kernel_impl(at::TensorIterator&)::{lambda()#1}::operator()() const::{lambda()#11}::operator()() const::{lambda(bool, float, float)#1} const&)::{lambda(int)#1})",192,0.0,0.0,89773.66400000078,89773.66400000078,0,0
medium_ctx256.json,complete,medium,256,fp32,torch.profiler,240,9079.5439453125,9096.0,medium_ctx256.json.trace,medium_ctx256.operators.csv,profile/warmup,profile/warmup,1,41.529000000000025,41.529000000000025,0.0,0.0,0,0
medium_ctx256.json,complete,medium,256,fp32,torch.profiler,240,9079.5439453125,9096.0,medium_ctx256.json.trace,medium_ctx256.operators.csv,profile/measure,profile/measure,1,202639.85199999998,969.4100000000326,53487.69300000026,0.0,0,0
medium_ctx256.json,complete,medium,256,fp32,torch.profiler,240,9079.5439453125,9096.0,medium_ctx256.json.trace,medium_ctx256.operators.csv,zero_grad,zero_grad,1,480.543,48.47900000000004,0.0,0.0,0,0
medium_ctx256.json,complete,medium,256,fp32,torch.profiler,240,9079.5439453125,9096.0,medium_ctx256.json.trace,medium_ctx256.operators.csv,forward,forward,1,86339.96399999999,14632.44600000001,34598.607999999615,0.0,192,0
medium_ctx256.json,complete,medium,256,fp32,torch.profiler,240,9079.5439453125,9096.0,medium_ctx256.json.trace,medium_ctx256.operators.csv,forward,forward,1,0.0,0.0,84942.198,84942.198,0,0
medium_ctx256.json,complete,medium,256,fp32,torch.profiler,240,9079.5439453125,9096.0,medium_ctx256.json.trace,medium_ctx256.operators.csv,attention/scores,attention/scores,24,4355.329000000007,1795.3690000000079,961.2930000000379,0.0,192,0
medium_ctx256.json,complete,medium,256,fp32,torch.profiler,240,9079.5439453125,9096.0,medium_ctx256.json.trace,medium_ctx256.operators.csv,attention/scores,attention/scores,24,0.0,0.0,1414.9630000000188,1414.9630000000188,0,0
medium_ctx256.json,complete,medium,256,fp32,torch.profiler,240,9079.5439453125,9096.0,medium_ctx256.json.trace,medium_ctx256.operators.csv,attention/softmax,attention/softmax,24,16828.730999999992,3746.8500000000804,4817.829999999864,0.0,0,0
medium_ctx256.json,complete,medium,256,fp32,torch.profiler,240,9079.5439453125,9096.0,medium_ctx256.json.trace,medium_ctx256.operators.csv,attention/softmax,attention/softmax,24,0.0,0.0,15392.328,15392.328,0,0
medium_ctx256.json,complete,medium,256,fp32,torch.profiler,240,9079.5439453125,9096.0,medium_ctx256.json.trace,medium_ctx256.operators.csv,attention/value,attention/value,24,3493.5220000000045,861.739999999987,763.784999999998,0.0,0,0
medium_ctx256.json,complete,medium,256,fp32,torch.profiler,240,9079.5439453125,9096.0,medium_ctx256.json.trace,medium_ctx256.operators.csv,attention/value,attention/value,24,0.0,0.0,1645.6209999999955,1645.6209999999955,0,0
medium_ctx256.json,complete,medium,256,fp32,torch.profiler,240,9079.5439453125,9096.0,medium_ctx256.json.trace,medium_ctx256.operators.csv,loss,loss,1,351.6369999999879,151.6459999999788,124.03399999999965,0.0,0,0
medium_ctx256.json,complete,medium,256,fp32,torch.profiler,240,9079.5439453125,9096.0,medium_ctx256.json.trace,medium_ctx256.operators.csv,backward,backward,1,93560.65599999999,93535.95899999999,0.864000000001397,0.0,-192,0
medium_ctx256.json,complete,medium,256,fp32,torch.profiler,240,9079.5439453125,9096.0,medium_ctx256.json.trace,medium_ctx256.operators.csv,loss,loss,1,0.0,0.0,128.4499999999971,128.4499999999971,0,0
medium_ctx256.json,complete,medium,256,fp32,torch.profiler,240,9079.5439453125,9096.0,medium_ctx256.json.trace,medium_ctx256.operators.csv,backward,backward,1,0.0,0.0,0.864000000001397,0.864000000001397,0,0
medium_ctx256.json,complete,medium,256,fp32,torch.profiler,240,9079.5439453125,9096.0,medium_ctx256.json.trace,medium_ctx256.operators.csv,optimizer,optimizer,1,20930.899999999994,132.5789999999979,18764.187000000646,0.0,0,0
medium_ctx256.json,complete,medium,256,fp32,torch.profiler,240,9079.5439453125,9096.0,medium_ctx256.json.trace,medium_ctx256.operators.csv,operator,aten::mm,507,12244.127000000557,8274.024000000201,58632.25499999972,58632.25499999972,0,0
medium_ctx256.json,complete,medium,256,fp32,torch.profiler,240,9079.5439453125,9096.0,medium_ctx256.json.trace,medium_ctx256.operators.csv,operator,autograd::engine::evaluate_function: MmBackward0,169,12604.26800000004,1323.8159999999916,35722.92899999973,0.0,0,0
medium_ctx256.json,complete,medium,256,fp32,torch.profiler,240,9079.5439453125,9096.0,medium_ctx256.json.trace,medium_ctx256.operators.csv,operator,MmBackward0,169,11280.452000000048,1357.7469999996247,35722.92899999973,0.0,0,0
medium_ctx256.json,complete,medium,256,fp32,torch.profiler,240,9079.5439453125,9096.0,medium_ctx256.json.trace,medium_ctx256.operators.csv,operator,cudaLaunchKernel,6239,29407.49499999997,29407.49499999997,0.0,0.0,0,0
medium_ctx256.json,complete,medium,256,fp32,torch.profiler,240,9079.5439453125,9096.0,medium_ctx256.json.trace,medium_ctx256.operators.csv,operator,aten::matmul,217,11375.33699999996,1507.5989999998546,24097.276999999995,0.0,0,0
medium_ctx256.json,complete,medium,256,fp32,torch.profiler,240,9079.5439453125,9096.0,medium_ctx256.json.trace,medium_ctx256.operators.csv,operator,ampere_sgemm_128x64_tn,169,0.0,0.0,22824.78099999998,22824.78099999998,0,0
medium_ctx256.json,complete,medium,256,fp32,torch.profiler,240,9079.5439453125,9096.0,medium_ctx256.json.trace,medium_ctx256.operators.csv,operator,Optimizer.step#AdamW.step,1,0.0,0.0,21174.73999999999,21174.73999999999,0,0
medium_ctx256.json,complete,medium,256,fp32,torch.profiler,240,9079.5439453125,9096.0,medium_ctx256.json.trace,medium_ctx256.operators.csv,operator,void cutlass::Kernel2<cutlass_80_simt_sgemm_256x128_8x4_nn_align1>(cutlass_80_simt_sgemm_256x128_8x4_nn_align1::Params),73,0.0,0.0,14203.165000000008,14203.165000000008,0,0
medium_ctx256.json,complete,medium,256,fp32,torch.profiler,240,9079.5439453125,9096.0,medium_ctx256.json.trace,medium_ctx256.operators.csv,operator,aten::mul,969,12994.07300000039,8424.194000000538,8534.594999999925,8534.594999999925,0,0
medium_ctx256.json,complete,medium,256,fp32,torch.profiler,240,9079.5439453125,9096.0,medium_ctx256.json.trace,medium_ctx256.operators.csv,operator,void cutlass::Kernel2<cutlass_80_simt_sgemm_128x256_8x4_nt_align1>(cutlass_80_simt_sgemm_128x256_8x4_nt_align1::Params),73,0.0,0.0,11384.915999999983,11384.915999999983,0,0
medium_ctx256.json,complete,medium,256,fp32,torch.profiler,240,9079.5439453125,9096.0,medium_ctx256.json.trace,medium_ctx256.operators.csv,operator,aten::item,96,10702.52300000001,162.78999999997177,84.57700000006889,0.0,0,0
medium_ctx256.json,complete,medium,256,fp32,torch.profiler,240,9079.5439453125,9096.0,medium_ctx256.json.trace,medium_ctx256.operators.csv,operator,aten::_local_scalar_dense,96,10539.733000000038,500.5389999999893,84.57700000006889,84.57700000006889,0,0
medium_ctx256.json,complete,medium,256,fp32,torch.profiler,240,9079.5439453125,9096.0,medium_ctx256.json.trace,medium_ctx256.operators.csv,operator,aten::where,360,10223.760999999864,3161.733999999946,4493.710999999889,3010.56199999987,0,0
medium_ctx256.json,complete,medium,256,fp32,torch.profiler,240,9079.5439453125,9096.0,medium_ctx256.json.trace,medium_ctx256.operators.csv,operator,autograd::engine::evaluate_function: MulBackward0,289,9749.222999999969,2337.550000000134,5215.935000000158,0.0,0,0
medium_ctx256.json,complete,medium,256,fp32,torch.profiler,240,9079.5439453125,9096.0,medium_ctx256.json.trace,medium_ctx256.operators.csv,operator,cudaStreamSynchronize,96,9314.183000000008,9314.183000000008,0.0,0.0,0,0
medium_ctx256.json,complete,medium,256,fp32,torch.profiler,240,9079.5439453125,9096.0,medium_ctx256.json.trace,medium_ctx256.operators.csv,operator,aten::add_,995,8258.689000000508,4041.7620000000898,9237.887000000395,9237.887000000395,0,0
medium_ctx512.json,complete,medium,512,fp32,torch.profiler,242,15593.7626953125,15790.0,medium_ctx512.json.trace,medium_ctx512.operators.csv,profile/warmup,profile/warmup,1,45.26399999999995,45.26399999999995,0.0,0.0,0,0
medium_ctx512.json,complete,medium,512,fp32,torch.profiler,242,15593.7626953125,15790.0,medium_ctx512.json.trace,medium_ctx512.operators.csv,profile/measure,profile/measure,1,319475.93,1402.4360000000452,130789.41399999899,0.0,0,0
medium_ctx512.json,complete,medium,512,fp32,torch.profiler,242,15593.7626953125,15790.0,medium_ctx512.json.trace,medium_ctx512.operators.csv,zero_grad,zero_grad,1,542.01,50.44499999999999,0.0,0.0,0,0
medium_ctx512.json,complete,medium,512,fp32,torch.profiler,242,15593.7626953125,15790.0,medium_ctx512.json.trace,medium_ctx512.operators.csv,forward,forward,1,128485.469,13682.977000000188,108077.18399999985,0.0,192,0
medium_ctx512.json,complete,medium,512,fp32,torch.profiler,242,15593.7626953125,15790.0,medium_ctx512.json.trace,medium_ctx512.operators.csv,forward,forward,1,0.0,0.0,129463.626,129463.626,0,0
medium_ctx512.json,complete,medium,512,fp32,torch.profiler,242,15593.7626953125,15790.0,medium_ctx512.json.trace,medium_ctx512.operators.csv,attention/scores,attention/scores,24,4178.76899999997,1692.4290000000337,5046.272999999963,0.0,192,0
medium_ctx512.json,complete,medium,512,fp32,torch.profiler,242,15593.7626953125,15790.0,medium_ctx512.json.trace,medium_ctx512.operators.csv,attention/scores,attention/scores,24,0.0,0.0,5062.56299999999,5062.56299999999,0,0
medium_ctx512.json,complete,medium,512,fp32,torch.profiler,242,15593.7626953125,15790.0,medium_ctx512.json.trace,medium_ctx512.operators.csv,attention/softmax,attention/softmax,24,16461.855999999985,3590.792000000115,41012.478000000105,0.0,0,0
medium_ctx512.json,complete,medium,512,fp32,torch.profiler,242,15593.7626953125,15790.0,medium_ctx512.json.trace,medium_ctx512.operators.csv,attention/softmax,attention/softmax,24,0.0,0.0,41413.475999999995,41413.475999999995,0,0
medium_ctx512.json,complete,medium,512,fp32,torch.profiler,242,15593.7626953125,15790.0,medium_ctx512.json.trace,medium_ctx512.operators.csv,attention/value,attention/value,24,3410.176999999978,929.3389999999645,2757.0290000000086,0.0,0,0
medium_ctx512.json,complete,medium,512,fp32,torch.profiler,242,15593.7626953125,15790.0,medium_ctx512.json.trace,medium_ctx512.operators.csv,attention/value,attention/value,24,0.0,0.0,2772.803999999989,2772.803999999989,0,0
medium_ctx512.json,complete,medium,512,fp32,torch.profiler,242,15593.7626953125,15790.0,medium_ctx512.json.trace,medium_ctx512.operators.csv,loss,loss,1,358.8999999999942,127.25399999997171,506.7270000000426,0.0,0,0
medium_ctx512.json,complete,medium,512,fp32,torch.profiler,242,15593.7626953125,15790.0,medium_ctx512.json.trace,medium_ctx512.operators.csv,backward,backward,1,126137.134,95789.16499999989,0.864000000001397,0.0,-192,0
medium_ctx512.json,complete,medium,512,fp32,torch.profiler,242,15593.7626953125,15790.0,medium_ctx512.json.trace,medium_ctx512.operators.csv,loss,loss,1,0.0,0.0,511.1110000000044,511.1110000000044,0,0
medium_ctx512.json,complete,medium,512,fp32,torch.profiler,242,15593.7626953125,15790.0,medium_ctx512.json.trace,medium_ctx512.operators.csv,backward,backward,1,0.0,0.0,0.864000000001397,0.864000000001397,0,0
medium_ctx512.json,complete,medium,512,fp32,torch.profiler,242,15593.7626953125,15790.0,medium_ctx512.json.trace,medium_ctx512.operators.csv,optimizer,optimizer,1,62539.52799999999,181.9880000000121,22204.638999999093,0.0,0,0
medium_ctx512.json,complete,medium,512,fp32,torch.profiler,242,15593.7626953125,15790.0,medium_ctx512.json.trace,medium_ctx512.operators.csv,operator,aten::mm,507,25913.372000000363,8830.914000000374,112540.43899999949,112540.43899999949,0,0
medium_ctx512.json,complete,medium,512,fp32,torch.profiler,242,15593.7626953125,15790.0,medium_ctx512.json.trace,medium_ctx512.operators.csv,operator,cudaLaunchKernel,6335,87549.00299999944,47000.12599999941,3423.521999999997,0.0,0,0
medium_ctx512.json,complete,medium,512,fp32,torch.profiler,242,15593.7626953125,15790.0,medium_ctx512.json.trace,medium_ctx512.operators.csv,operator,Command Buffer Full,605,70872.17300000016,70872.17300000016,3423.521999999997,3423.521999999997,0,0
medium_ctx512.json,complete,medium,512,fp32,torch.profiler,242,15593.7626953125,15790.0,medium_ctx512.json.trace,medium_ctx512.operators.csv,operator,autograd::engine::evaluate_function: MmBackward0,169,26501.222999999853,1414.045999999973,69575.81199999951,0.0,0,0
medium_ctx512.json,complete,medium,512,fp32,torch.profiler,242,15593.7626953125,15790.0,medium_ctx512.json.trace,medium_ctx512.operators.csv,operator,MmBackward0,169,25087.17699999988,1461.3339999994787,69575.81199999951,0.0,0,0
medium_ctx512.json,complete,medium,512,fp32,torch.profiler,242,15593.7626953125,15790.0,medium_ctx512.json.trace,medium_ctx512.operators.csv,operator,Optimizer.step#AdamW.step,1,62357.53999999998,6271.386999999115,22204.638999999093,0.0,0,0
medium_ctx512.json,complete,medium,512,fp32,torch.profiler,242,15593.7626953125,15790.0,medium_ctx512.json.trace,medium_ctx512.operators.csv,operator,aten::item,96,56471.47700000001,168.98100000000295,86.88099999996757,0.0,0,0
medium_ctx512.json,complete,medium,512,fp32,torch.profiler,242,15593.7626953125,15790.0,medium_ctx512.json.trace,medium_ctx512.operators.csv,operator,aten::_local_scalar_dense,96,56302.496000000014,502.5269999999696,86.88099999996757,86.88099999996757,0,0
medium_ctx512.json,complete,medium,512,fp32,torch.profiler,242,15593.7626953125,15790.0,medium_ctx512.json.trace,medium_ctx512.operators.csv,operator,cudaStreamSynchronize,96,55115.09699999998,55115.09699999998,0.0,0.0,0,0
medium_ctx512.json,complete,medium,512,fp32,torch.profiler,242,15593.7626953125,15790.0,medium_ctx512.json.trace,medium_ctx512.operators.csv,operator,aten::matmul,217,11221.456000000004,1451.885999999959,47382.28799999994,0.0,0,0
medium_ctx512.json,complete,medium,512,fp32,torch.profiler,242,15593.7626953125,15790.0,medium_ctx512.json.trace,medium_ctx512.operators.csv,operator,ampere_sgemm_128x64_tn,168,0.0,0.0,41961.93299999999,41961.93299999999,0,0
medium_ctx512.json,complete,medium,512,fp32,torch.profiler,242,15593.7626953125,15790.0,medium_ctx512.json.trace,medium_ctx512.operators.csv,operator,aten::where,360,10091.83000000023,3094.376000000051,33659.76899999985,23052.14099999991,0,0
medium_ctx512.json,complete,medium,512,fp32,torch.profiler,242,15593.7626953125,15790.0,medium_ctx512.json.trace,medium_ctx512.operators.csv,operator,aten::add_,995,32793.8030000001,4157.584000001691,19375.53499999951,18037.409999999276,0,0
medium_ctx512.json,complete,medium,512,fp32,torch.profiler,242,15593.7626953125,15790.0,medium_ctx512.json.trace,medium_ctx512.operators.csv,operator,aten::mul,969,16671.1399999998,8328.214999999804,29537.076999999837,29537.076999999837,0,0
medium_ctx512.json,complete,medium,512,fp32,torch.profiler,242,15593.7626953125,15790.0,medium_ctx512.json.trace,medium_ctx512.operators.csv,operator,autograd::engine::evaluate_function: DivBackward0,97,9272.852000000014,1052.8079999998736,27413.298999999388,0.0,-192,0
medium_ctx512.json,complete,medium,512,fp32,torch.profiler,242,15593.7626953125,15790.0,medium_ctx512.json.trace,medium_ctx512.operators.csv,operator,void cutlass::Kernel2<cutlass_80_simt_sgemm_256x128_8x4_nn_align1>(cutlass_80_simt_sgemm_256x128_8x4_nn_align1::Params),73,0.0,0.0,25241.039000000106,25241.039000000106,0,0
small_ctx1024.json,complete,small,1024,fp32,torch.profiler,244,13463.5859375,13876.0,small_ctx1024.json.trace,small_ctx1024.operators.csv,profile/warmup,profile/warmup,1,85.23399999999998,85.23399999999998,0.0,0.0,0,0
small_ctx1024.json,complete,small,1024,fp32,torch.profiler,244,13463.5859375,13876.0,small_ctx1024.json.trace,small_ctx1024.operators.csv,profile/measure,profile/measure,1,316146.91199999995,870.280999999959,134172.08100000044,0.0,0,0
small_ctx1024.json,complete,small,1024,fp32,torch.profiler,244,13463.5859375,13876.0,small_ctx1024.json.trace,small_ctx1024.operators.csv,zero_grad,zero_grad,1,465.95099999999996,131.49099999999993,0.0,0.0,0,0
small_ctx1024.json,complete,small,1024,fp32,torch.profiler,244,13463.5859375,13876.0,small_ctx1024.json.trace,small_ctx1024.operators.csv,forward,forward,1,129601.488,8039.549999999872,124892.02400000009,0.0,96,0
small_ctx1024.json,complete,small,1024,fp32,torch.profiler,244,13463.5859375,13876.0,small_ctx1024.json.trace,small_ctx1024.operators.csv,forward,forward,1,0.0,0.0,136559.451,136559.451,0,0
small_ctx1024.json,complete,small,1024,fp32,torch.profiler,244,13463.5859375,13876.0,small_ctx1024.json.trace,small_ctx1024.operators.csv,attention/scores,attention/scores,12,2168.5790000000343,846.9460000000281,8050.663999999969,0.0,96,0
small_ctx1024.json,complete,small,1024,fp32,torch.profiler,244,13463.5859375,13876.0,small_ctx1024.json.trace,small_ctx1024.operators.csv,attention/scores,attention/scores,12,0.0,0.0,8058.279999999986,8058.279999999986,0,0
small_ctx1024.json,complete,small,1024,fp32,torch.profiler,244,13463.5859375,13876.0,small_ctx1024.json.trace,small_ctx1024.operators.csv,attention/softmax,attention/softmax,12,8470.068,1752.608000000053,67652.76900000009,0.0,0,0
small_ctx1024.json,complete,small,1024,fp32,torch.profiler,244,13463.5859375,13876.0,small_ctx1024.json.trace,small_ctx1024.operators.csv,attention/value,attention/value,12,1696.884999999993,405.7619999999879,4201.175999999987,0.0,0,0
small_ctx1024.json,complete,small,1024,fp32,torch.profiler,244,13463.5859375,13876.0,small_ctx1024.json.trace,small_ctx1024.operators.csv,attention/softmax,attention/softmax,12,0.0,0.0,67843.68600000002,67843.68600000002,0,0
small_ctx1024.json,complete,small,1024,fp32,torch.profiler,244,13463.5859375,13876.0,small_ctx1024.json.trace,small_ctx1024.operators.csv,attention/value,attention/value,12,0.0,0.0,4208.472000000022,4208.472000000022,0,0
small_ctx1024.json,complete,small,1024,fp32,torch.profiler,244,13463.5859375,13876.0,small_ctx1024.json.trace,small_ctx1024.operators.csv,loss,loss,1,346.73700000000827,124.09200000001874,1114.4799999999523,0.0,0,0
small_ctx1024.json,complete,small,1024,fp32,torch.profiler,244,13463.5859375,13876.0,small_ctx1024.json.trace,small_ctx1024.operators.csv,backward,backward,1,83370.619,51737.13200000004,0.8960000000079162,0.0,-96,0
small_ctx1024.json,complete,small,1024,fp32,torch.profiler,244,13463.5859375,13876.0,small_ctx1024.json.trace,small_ctx1024.operators.csv,loss,loss,1,0.0,0.0,1118.6059999999998,1118.6059999999998,0,0
small_ctx1024.json,complete,small,1024,fp32,torch.profiler,244,13463.5859375,13876.0,small_ctx1024.json.trace,small_ctx1024.operators.csv,backward,backward,1,0.0,0.0,0.8960000000079162,0.8960000000079162,0,0
small_ctx1024.json,complete,small,1024,fp32,torch.profiler,244,13463.5859375,13876.0,small_ctx1024.json.trace,small_ctx1024.operators.csv,optimizer,optimizer,1,101475.80799999999,135.95599999997648,8164.68100000039,0.0,0,0
small_ctx1024.json,complete,small,1024,fp32,torch.profiler,244,13463.5859375,13876.0,small_ctx1024.json.trace,small_ctx1024.operators.csv,operator,cudaLaunchKernel,3170,124430.15400000113,36207.06100000096,2430.3310000005295,0.0,0,0
small_ctx1024.json,complete,small,1024,fp32,torch.profiler,244,13463.5859375,13876.0,small_ctx1024.json.trace,small_ctx1024.operators.csv,operator,Command Buffer Full,434,119832.09200000012,119832.09200000012,2430.3310000005295,2430.3310000005295,0,0
small_ctx1024.json,complete,small,1024,fp32,torch.profiler,244,13463.5859375,13876.0,small_ctx1024.json.trace,small_ctx1024.operators.csv,operator,Optimizer.step#AdamW.step,1,101339.85200000001,3928.539000000077,8164.68100000039,0.0,0,0
small_ctx1024.json,complete,small,1024,fp32,torch.profiler,244,13463.5859375,13876.0,small_ctx1024.json.trace,small_ctx1024.operators.csv,operator,aten::item,48,89884.20899999999,89.39200000001892,44.02900000000318,0.0,0,0
small_ctx1024.json,complete,small,1024,fp32,torch.profiler,244,13463.5859375,13876.0,small_ctx1024.json.trace,small_ctx1024.operators.csv,operator,aten::_local_scalar_dense,48,89794.81699999997,270.63799999996627,44.02900000000318,44.02900000000318,0,0
small_ctx1024.json,complete,small,1024,fp32,torch.profiler,244,13463.5859375,13876.0,small_ctx1024.json.trace,small_ctx1024.operators.csv,operator,cudaStreamSynchronize,48,89117.00500000002,89117.00500000002,0.0,0.0,0,0
small_ctx1024.json,complete,small,1024,fp32,torch.profiler,244,13463.5859375,13876.0,small_ctx1024.json.trace,small_ctx1024.operators.csv,operator,aten::mm,255,18753.900999999816,4588.921000000042,68173.92600000015,68173.92600000015,0,0
small_ctx1024.json,complete,small,1024,fp32,torch.profiler,244,13463.5859375,13876.0,small_ctx1024.json.trace,small_ctx1024.operators.csv,operator,aten::where,180,5352.584999999957,1595.9140000000025,48942.432000000044,33635.1580000001,0,0
small_ctx1024.json,complete,small,1024,fp32,torch.profiler,244,13463.5859375,13876.0,small_ctx1024.json.trace,small_ctx1024.operators.csv,operator,autograd::engine::evaluate_function: MmBackward0,85,19102.95499999993,723.8490000000165,41601.84200000018,0.0,0,0
small_ctx1024.json,complete,small,1024,fp32,torch.profiler,244,13463.5859375,13876.0,small_ctx1024.json.trace,small_ctx1024.operators.csv,operator,MmBackward0,85,18379.105999999912,783.3329999999842,41601.84200000018,0.0,0,0
small_ctx1024.json,complete,small,1024,fp32,torch.profiler,244,13463.5859375,13876.0,small_ctx1024.json.trace,small_ctx1024.operators.csv,operator,aten::add_,503,41123.28399999993,2320.2209999996994,19123.25200000027,18248.80999999988,0,0
small_ctx1024.json,complete,small,1024,fp32,torch.profiler,244,13463.5859375,13876.0,small_ctx1024.json.trace,small_ctx1024.operators.csv,operator,autograd::engine::evaluate_function: DivBackward0,49,12121.70299999998,541.195000000007,39228.504000000044,0.0,-96,0
small_ctx1024.json,complete,small,1024,fp32,torch.profiler,244,13463.5859375,13876.0,small_ctx1024.json.trace,small_ctx1024.operators.csv,operator,aten::div,248,9928.289999999894,2278.660999999576,37488.62699999963,37488.62699999963,0,0
small_ctx1024.json,complete,small,1024,fp32,torch.profiler,244,13463.5859375,13876.0,small_ctx1024.json.trace,small_ctx1024.operators.csv,operator,DivBackward0,49,8264.915999999997,460.7290000002831,35377.86299999978,0.0,0,0
small_ctx1024.json,complete,small,1024,fp32,torch.profiler,244,13463.5859375,13876.0,small_ctx1024.json.trace,small_ctx1024.operators.csv,operator,aten::mul,489,11222.446999999967,4380.306999999866,33774.16399999992,33774.16399999992,0,0
small_ctx1024.json,complete,small,1024,fp32,torch.profiler,244,13463.5859375,13876.0,small_ctx1024.json.trace,small_ctx1024.operators.csv,operator,"void at::native::elementwise_kernel<128, 2, at::native::gpu_kernel_impl_nocast<at::native::(anonymous namespace)::where_kernel_impl(at::TensorIterator&)::{lambda()#1}::operator()() const::{lambda()#11}::operator()() const::{lambda(bool, float, float)#1}>(at::TensorIteratorBase&, at::native::(anonymous namespace)::where_kernel_impl(at::TensorIterator&)::{lambda()#1}::operator()() const::{lambda()#11}::operator()() const::{lambda(bool, float, float)#1} const&)::{lambda(int)#1}>(int, at::native::gpu_kernel_impl_nocast<at::native::(anonymous namespace)::where_kernel_impl(at::TensorIterator&)::{lambda()#1}::operator()() const::{lambda()#11}::operator()() const::{lambda(bool, float, float)#1}>(at::TensorIteratorBase&, at::native::(anonymous namespace)::where_kernel_impl(at::TensorIterator&)::{lambda()#1}::operator()() const::{lambda()#11}::operator()() const::{lambda(bool, float, float)#1} const&)::{lambda(int)#1})",96,0.0,0.0,33608.56600000005,33608.56600000005,0,0
small_ctx256.json,complete,small,256,fp32,torch.profiler,241,3220.783203125,3320.0,small_ctx256.json.trace,small_ctx256.operators.csv,profile/warmup,profile/warmup,1,43.37700000000001,43.37700000000001,0.0,0.0,0,0
small_ctx256.json,complete,small,256,fp32,torch.profiler,241,3220.783203125,3320.0,small_ctx256.json.trace,small_ctx256.operators.csv,profile/measure,profile/measure,1,97840.51400000001,621.0369999999966,17454.31200000005,0.0,0,0
small_ctx256.json,complete,small,256,fp32,torch.profiler,241,3220.783203125,3320.0,small_ctx256.json.trace,small_ctx256.operators.csv,zero_grad,zero_grad,1,296.56100000000004,45.48599999999999,0.0,0.0,0,0
small_ctx256.json,complete,small,256,fp32,torch.profiler,241,3220.783203125,3320.0,small_ctx256.json.trace,small_ctx256.operators.csv,forward,forward,1,36866.706000000006,6275.537000000029,11593.154000000126,0.0,96,0
small_ctx256.json,complete,small,256,fp32,torch.profiler,241,3220.783203125,3320.0,small_ctx256.json.trace,small_ctx256.operators.csv,forward,forward,1,0.0,0.0,35220.562999999995,35220.562999999995,0,0
small_ctx256.json,complete,small,256,fp32,torch.profiler,241,3220.783203125,3320.0,small_ctx256.json.trace,small_ctx256.operators.csv,attention/scores,attention/scores,12,2079.4679999999935,899.6249999999718,344.89999999999236,0.0,96,0
small_ctx256.json,complete,small,256,fp32,torch.profiler,241,3220.783203125,3320.0,small_ctx256.json.trace,small_ctx256.operators.csv,attention/scores,attention/scores,12,0.0,0.0,562.0210000000006,562.0210000000006,0,0
small_ctx256.json,complete,small,256,fp32,torch.profiler,241,3220.783203125,3320.0,small_ctx256.json.trace,small_ctx256.operators.csv,attention/softmax,attention/softmax,12,7963.5619999999935,1676.2829999999976,1668.2670000000544,0.0,0,0
small_ctx256.json,complete,small,256,fp32,torch.profiler,241,3220.783203125,3320.0,small_ctx256.json.trace,small_ctx256.operators.csv,attention/softmax,attention/softmax,12,0.0,0.0,7233.785000000007,7233.785000000007,0,0
small_ctx256.json,complete,small,256,fp32,torch.profiler,241,3220.783203125,3320.0,small_ctx256.json.trace,small_ctx256.operators.csv,attention/value,attention/value,12,1627.5340000000006,436.70900000000165,351.5869999999941,0.0,0,0
small_ctx256.json,complete,small,256,fp32,torch.profiler,241,3220.783203125,3320.0,small_ctx256.json.trace,small_ctx256.operators.csv,attention/value,attention/value,12,0.0,0.0,765.3850000000002,765.3850000000002,0,0
small_ctx256.json,complete,small,256,fp32,torch.profiler,241,3220.783203125,3320.0,small_ctx256.json.trace,small_ctx256.operators.csv,loss,loss,1,315.58200000000215,125.62700000000768,130.59299999999348,0.0,0,0
small_ctx256.json,complete,small,256,fp32,torch.profiler,241,3220.783203125,3320.0,small_ctx256.json.trace,small_ctx256.operators.csv,backward,backward,1,48631.886999999995,48608.437,0.864000000001397,0.0,-96,0
small_ctx256.json,complete,small,256,fp32,torch.profiler,241,3220.783203125,3320.0,small_ctx256.json.trace,small_ctx256.operators.csv,loss,loss,1,0.0,0.0,134.94599999999627,134.94599999999627,0,0
small_ctx256.json,complete,small,256,fp32,torch.profiler,241,3220.783203125,3320.0,small_ctx256.json.trace,small_ctx256.operators.csv,backward,backward,1,0.0,0.0,0.864000000001397,0.864000000001397,0,0
small_ctx256.json,complete,small,256,fp32,torch.profiler,241,3220.783203125,3320.0,small_ctx256.json.trace,small_ctx256.operators.csv,optimizer,optimizer,1,11101.371,107.79800000000978,5729.700999999928,0.0,0,0
small_ctx256.json,complete,small,256,fp32,torch.profiler,241,3220.783203125,3320.0,small_ctx256.json.trace,small_ctx256.operators.csv,operator,aten::mm,255,6212.7510000000675,3891.8080000000837,20744.195000000083,20744.195000000083,0,0
small_ctx256.json,complete,small,256,fp32,torch.profiler,241,3220.783203125,3320.0,small_ctx256.json.trace,small_ctx256.operators.csv,operator,cudaLaunchKernel,3311,16450.954000000296,16450.954000000296,0.0,0.0,0,0
small_ctx256.json,complete,small,256,fp32,torch.profiler,241,3220.783203125,3320.0,small_ctx256.json.trace,small_ctx256.operators.csv,operator,autograd::engine::evaluate_function: MmBackward0,85,6453.903999999988,641.6000000000204,13531.840000000106,0.0,0,0
small_ctx256.json,complete,small,256,fp32,torch.profiler,241,3220.783203125,3320.0,small_ctx256.json.trace,small_ctx256.operators.csv,operator,MmBackward0,85,5812.303999999967,705.8099999997576,13531.840000000106,0.0,0,0
small_ctx256.json,complete,small,256,fp32,torch.profiler,241,3220.783203125,3320.0,small_ctx256.json.trace,small_ctx256.operators.csv,operator,Optimizer.step#AdamW.step,1,0.0,0.0,11169.065999999992,11169.065999999992,0,0
small_ctx256.json,complete,small,256,fp32,torch.profiler,241,3220.783203125,3320.0,small_ctx256.json.trace,small_ctx256.operators.csv,operator,aten::matmul,109,5372.636999999975,723.067999999942,7739.368999999963,0.0,0,0
small_ctx256.json,complete,small,256,fp32,torch.profiler,241,3220.783203125,3320.0,small_ctx256.json.trace,small_ctx256.operators.csv,operator,ampere_sgemm_128x64_tn,85,0.0,0.0,7092.065999999985,7092.065999999985,0,0
small_ctx256.json,complete,small,256,fp32,torch.profiler,241,3220.783203125,3320.0,small_ctx256.json.trace,small_ctx256.operators.csv,operator,aten::mul,489,6576.237999999985,4169.4839999998985,3067.8729999999828,3067.8729999999828,0,0
small_ctx256.json,complete,small,256,fp32,torch.profiler,241,3220.783203125,3320.0,small_ctx256.json.trace,small_ctx256.operators.csv,operator,aten::where,180,5578.340999999996,1668.4309999998732,1461.811000000007,911.9440000000086,0,0
small_ctx256.json,complete,small,256,fp32,torch.profiler,241,3220.783203125,3320.0,small_ctx256.json.trace,small_ctx256.operators.csv,operator,autograd::engine::evaluate_function: MulBackward0,145,5186.359999999964,1235.4389999998748,1894.5150000000212,0.0,0,0
small_ctx256.json,complete,small,256,fp32,torch.profiler,241,3220.783203125,3320.0,small_ctx256.json.trace,small_ctx256.operators.csv,operator,ampere_sgemm_128x64_nn,72,0.0,0.0,4865.433000000026,4865.433000000026,0,0
small_ctx256.json,complete,small,256,fp32,torch.profiler,241,3220.783203125,3320.0,small_ctx256.json.trace,small_ctx256.operators.csv,operator,void cutlass::Kernel2<cutlass_80_simt_sgemm_128x256_8x4_nt_align1>(cutlass_80_simt_sgemm_128x256_8x4_nt_align1::Params),37,0.0,0.0,4860.411999999997,4860.411999999997,0,0
small_ctx256.json,complete,small,256,fp32,torch.profiler,241,3220.783203125,3320.0,small_ctx256.json.trace,small_ctx256.operators.csv,operator,aten::add_,503,4435.271000000044,2097.7120000001014,3078.3050000000876,3078.3050000000876,0,0
small_ctx256.json,complete,small,256,fp32,torch.profiler,241,3220.783203125,3320.0,small_ctx256.json.trace,small_ctx256.operators.csv,operator,aten::arange,4,4218.128,95.28200000001107,5.889999999997599,1.8889999999987594,0,0
small_ctx256.json,complete,small,256,fp32,torch.profiler,241,3220.783203125,3320.0,small_ctx256.json.trace,small_ctx256.operators.csv,operator,autograd::engine::evaluate_function: DivBackward0,49,4189.937000000005,519.1139999999723,1398.996999999923,0.0,-96,0
small_ctx256.json,complete,small,256,fp32,torch.profiler,241,3220.783203125,3320.0,small_ctx256.json.trace,small_ctx256.operators.csv,operator,aten::reshape,545,3873.8590000000754,1374.9049999999643,291.5269999999682,0.0,0,0
small_ctx512.json,complete,small,512,fp32,torch.profiler,241,5736.142578125,6026.0,small_ctx512.json.trace,small_ctx512.operators.csv,profile/warmup,profile/warmup,1,50.97800000000001,50.97800000000001,0.0,0.0,0,0
small_ctx512.json,complete,small,512,fp32,torch.profiler,241,5736.142578125,6026.0,small_ctx512.json.trace,small_ctx512.operators.csv,profile/measure,profile/measure,1,114039.93599999999,696.9950000000099,40756.0380000002,0.0,0,0
small_ctx512.json,complete,small,512,fp32,torch.profiler,241,5736.142578125,6026.0,small_ctx512.json.trace,small_ctx512.operators.csv,zero_grad,zero_grad,1,390.575,90.23500000000001,0.0,0.0,0,0
small_ctx512.json,complete,small,512,fp32,torch.profiler,241,5736.142578125,6026.0,small_ctx512.json.trace,small_ctx512.operators.csv,forward,forward,1,50718.350999999995,8054.510999999999,34513.283000000054,0.0,96,0
small_ctx512.json,complete,small,512,fp32,torch.profiler,241,5736.142578125,6026.0,small_ctx512.json.trace,small_ctx512.operators.csv,forward,forward,1,0.0,0.0,49689.424,49689.424,0,0
small_ctx512.json,complete,small,512,fp32,torch.profiler,241,5736.142578125,6026.0,small_ctx512.json.trace,small_ctx512.operators.csv,attention/scores,attention/scores,12,2425.3469999999998,953.2810000000227,1864.8239999999896,0.0,96,0
small_ctx512.json,complete,small,512,fp32,torch.profiler,241,5736.142578125,6026.0,small_ctx512.json.trace,small_ctx512.operators.csv,attention/scores,attention/scores,12,0.0,0.0,1876.2169999999842,1876.2169999999842,0,0
small_ctx512.json,complete,small,512,fp32,torch.profiler,241,5736.142578125,6026.0,small_ctx512.json.trace,small_ctx512.operators.csv,attention/softmax,attention/softmax,12,9574.039000000008,2106.3850000000166,12918.421999999984,0.0,0,0
small_ctx512.json,complete,small,512,fp32,torch.profiler,241,5736.142578125,6026.0,small_ctx512.json.trace,small_ctx512.operators.csv,attention/softmax,attention/softmax,12,0.0,0.0,13681.260999999999,13681.260999999999,0,0
small_ctx512.json,complete,small,512,fp32,torch.profiler,241,5736.142578125,6026.0,small_ctx512.json.trace,small_ctx512.operators.csv,attention/value,attention/value,12,1998.4739999999902,506.1549999999943,1161.7740000000013,0.0,0,0
small_ctx512.json,complete,small,512,fp32,torch.profiler,241,5736.142578125,6026.0,small_ctx512.json.trace,small_ctx512.operators.csv,attention/value,attention/value,12,0.0,0.0,1169.9980000000005,1169.9980000000005,0,0
small_ctx512.json,complete,small,512,fp32,torch.profiler,241,5736.142578125,6026.0,small_ctx512.json.trace,small_ctx512.operators.csv,loss,loss,1,314.66399999999703,115.3299999999872,513.3839999999982,0.0,0,0
small_ctx512.json,complete,small,512,fp32,torch.profiler,241,5736.142578125,6026.0,small_ctx512.json.trace,small_ctx512.operators.csv,backward,backward,1,50767.649,50743.971,0.896999999997206,0.0,-96,0
small_ctx512.json,complete,small,512,fp32,torch.profiler,241,5736.142578125,6026.0,small_ctx512.json.trace,small_ctx512.operators.csv,loss,loss,1,0.0,0.0,517.9579999999987,517.9579999999987,0,0
small_ctx512.json,complete,small,512,fp32,torch.profiler,241,5736.142578125,6026.0,small_ctx512.json.trace,small_ctx512.operators.csv,backward,backward,1,0.0,0.0,0.896999999997206,0.896999999997206,0,0
small_ctx512.json,complete,small,512,fp32,torch.profiler,241,5736.142578125,6026.0,small_ctx512.json.trace,small_ctx512.operators.csv,optimizer,optimizer,1,11144.478999999992,99.73399999999674,5728.4740000001475,0.0,0,0
small_ctx512.json,complete,small,512,fp32,torch.profiler,241,5736.142578125,6026.0,small_ctx512.json.trace,small_ctx512.operators.csv,operator,aten::mm,255,7125.577000000068,4729.359999999928,37552.276000000085,37552.276000000085,0,0
small_ctx512.json,complete,small,512,fp32,torch.profiler,241,5736.142578125,6026.0,small_ctx512.json.trace,small_ctx512.operators.csv,operator,autograd::engine::evaluate_function: MmBackward0,85,7216.281000000003,690.9489999999932,23886.635000000068,0.0,0,0
small_ctx512.json,complete,small,512,fp32,torch.profiler,241,5736.142578125,6026.0,small_ctx512.json.trace,small_ctx512.operators.csv,operator,MmBackward0,85,6525.332000000009,807.9079999998648,23886.635000000068,0.0,0,0
small_ctx512.json,complete,small,512,fp32,torch.profiler,241,5736.142578125,6026.0,small_ctx512.json.trace,small_ctx512.operators.csv,operator,cudaLaunchKernel,3275,17406.996000000043,17406.996000000043,0.0,0.0,0,0
small_ctx512.json,complete,small,512,fp32,torch.profiler,241,5736.142578125,6026.0,small_ctx512.json.trace,small_ctx512.operators.csv,operator,aten::matmul,109,6663.863000000032,883.9750000000431,15406.68400000002,0.0,0,0
small_ctx512.json,complete,small,512,fp32,torch.profiler,241,5736.142578125,6026.0,small_ctx512.json.trace,small_ctx512.operators.csv,operator,ampere_sgemm_128x64_tn,84,0.0,0.0,12931.20100000003,12931.20100000003,0,0
small_ctx512.json,complete,small,512,fp32,torch.profiler,241,5736.142578125,6026.0,small_ctx512.json.trace,small_ctx512.operators.csv,operator,aten::where,180,5384.957000000003,1665.266999999977,12445.763000000163,8481.840000000073,0,0
small_ctx512.json,complete,small,512,fp32,torch.profiler,241,5736.142578125,6026.0,small_ctx512.json.trace,small_ctx512.operators.csv,operator,Optimizer.step#AdamW.step,1,11044.744999999995,3166.057000000321,5728.4740000001475,0.0,0,0
small_ctx512.json,complete,small,512,fp32,torch.profiler,241,5736.142578125,6026.0,small_ctx512.json.trace,small_ctx512.operators.csv,operator,aten::mul,489,7276.76299999999,4627.517999999858,10195.68300000006,10195.68300000006,0,0
small_ctx512.json,complete,small,512,fp32,torch.profiler,241,5736.142578125,6026.0,small_ctx512.json.trace,small_ctx512.operators.csv,operator,autograd::engine::evaluate_function: DivBackward0,49,4375.831999999973,548.6779999999926,9474.495000000054,0.0,-96,0
small_ctx512.json,complete,small,512,fp32,torch.profiler,241,5736.142578125,6026.0,small_ctx512.json.trace,small_ctx512.operators.csv,operator,ampere_sgemm_128x64_nn,72,0.0,0.0,8841.422000000013,8841.422000000013,0,0
small_ctx512.json,complete,small,512,fp32,torch.profiler,241,5736.142578125,6026.0,small_ctx512.json.trace,small_ctx512.operators.csv,operator,"void at::native::elementwise_kernel<128, 2, at::native::gpu_kernel_impl_nocast<at::native::(anonymous namespace)::where_kernel_impl(at::TensorIterator&)::{lambda()#1}::operator()() const::{lambda()#11}::operator()() const::{lambda(bool, float, float)#1}>(at::TensorIteratorBase&, at::native::(anonymous namespace)::where_kernel_impl(at::TensorIterator&)::{lambda()#1}::operator()() const::{lambda()#11}::operator()() const::{lambda(bool, float, float)#1} const&)::{lambda(int)#1}>(int, at::native::gpu_kernel_impl_nocast<at::native::(anonymous namespace)::where_kernel_impl(at::TensorIterator&)::{lambda()#1}::operator()() const::{lambda()#11}::operator()() const::{lambda(bool, float, float)#1}>(at::TensorIteratorBase&, at::native::(anonymous namespace)::where_kernel_impl(at::TensorIterator&)::{lambda()#1}::operator()() const::{lambda()#11}::operator()() const::{lambda(bool, float, float)#1} const&)::{lambda(int)#1})",96,0.0,0.0,8456.07800000007,8456.07800000007,0,0
small_ctx512.json,complete,small,512,fp32,torch.profiler,241,5736.142578125,6026.0,small_ctx512.json.trace,small_ctx512.operators.csv,operator,DivBackward0,49,3029.3519999999626,467.2269999999771,8222.985000000037,0.0,0,0
small_ctx512.json,complete,small,512,fp32,torch.profiler,241,5736.142578125,6026.0,small_ctx512.json.trace,small_ctx512.operators.csv,operator,aten::div,248,3820.3659999999427,2474.339999999915,8082.373999999991,8082.373999999991,0,0
small_ctx512.json,complete,small,512,fp32,torch.profiler,241,5736.142578125,6026.0,small_ctx512.json.trace,small_ctx512.operators.csv,operator,"void at::native::vectorized_elementwise_kernel<4, at::native::BinaryFunctor<float, float, float, at::native::binary_internal::MulFunctor<float> >, std::array<char*, 3ul> >(int, at::native::BinaryFunctor<float, float, float, at::native::binary_internal::MulFunctor<float> >, std::array<char*, 3ul>)",171,0.0,0.0,7966.373000000063,7966.373000000063,0,0
small_ctx512.json,complete,small,512,fp32,torch.profiler,241,5736.142578125,6026.0,small_ctx512.json.trace,small_ctx512.operators.csv,operator,aten::sum,111,3032.333000000047,1469.6240000000307,7063.23400000006,4573.663000000073,0,0
